-- MySQL dump 10.13  Distrib 5.7.21, for Win64 (x86_64)
--
-- Host: localhost    Database: tspdb1
-- ------------------------------------------------------
-- Server version	5.7.21-log

/*!40101 SET @OLD_CHARACTER_SET_CLIENT=@@CHARACTER_SET_CLIENT */;
/*!40101 SET @OLD_CHARACTER_SET_RESULTS=@@CHARACTER_SET_RESULTS */;
/*!40101 SET @OLD_COLLATION_CONNECTION=@@COLLATION_CONNECTION */;
/*!40101 SET NAMES utf8 */;
/*!40103 SET @OLD_TIME_ZONE=@@TIME_ZONE */;
/*!40103 SET TIME_ZONE='+00:00' */;
/*!40014 SET @OLD_UNIQUE_CHECKS=@@UNIQUE_CHECKS, UNIQUE_CHECKS=0 */;
/*!40014 SET @OLD_FOREIGN_KEY_CHECKS=@@FOREIGN_KEY_CHECKS, FOREIGN_KEY_CHECKS=0 */;
/*!40101 SET @OLD_SQL_MODE=@@SQL_MODE, SQL_MODE='NO_AUTO_VALUE_ON_ZERO' */;
/*!40111 SET @OLD_SQL_NOTES=@@SQL_NOTES, SQL_NOTES=0 */;

--
-- Table structure for table `csa`
--

DROP TABLE IF EXISTS `csa`;
/*!40101 SET @saved_cs_client     = @@character_set_client */;
/*!40101 SET character_set_client = utf8 */;
CREATE TABLE `csa` (
  `csa_id` bigint(20) NOT NULL AUTO_INCREMENT,
  `csa_email_id` varchar(255) DEFAULT NULL,
  `csa_fname` varchar(255) DEFAULT NULL,
  `csa_lname` varchar(255) DEFAULT NULL,
  `csa_mobile_no` varchar(255) DEFAULT NULL,
  `csa_primary_lang` varchar(255) DEFAULT NULL,
  `tc` bigint(20) DEFAULT NULL,
  PRIMARY KEY (`csa_id`),
  KEY `FKb0pfwr11o9wwrl2rrkbkxb73d` (`tc`)
) ENGINE=MyISAM AUTO_INCREMENT=10501 DEFAULT CHARSET=utf8;
/*!40101 SET character_set_client = @saved_cs_client */;

--
-- Dumping data for table `csa`
--

LOCK TABLES `csa` WRITE;
/*!40000 ALTER TABLE `csa` DISABLE KEYS */;
INSERT INTO `csa` VALUES (10001,'elementum.sem.vitae@scelerisquemollis.com','Clarke','Keith','74682 63574','Tamil',30018),(10002,'In.ornare@seddui.co.uk','Berk','Spears','74054 32057','Malayalam',30042),(10003,'et.euismod.et@idante.co.uk','Wyoming','Marshall','18288 46055','Kannada',30027),(10004,'nibh.dolor.nonummy@nonarcuVivamus.net','Isabelle','Jacobs','29100 76010','Maghi',30023),(10005,'egestas.Sed@nondapibus.co.uk','Forrest','Wright','23298 88549','Malayalam',30002),(10006,'convallis.dolor.Quisque@nequeSedeget.ca','Brynn','Sanchez','44144 34368','Marathi',30024),(10007,'tellus.id.nunc@Quisque.ca','Yen','Simmons','86395 09452','English',30027),(10008,'ante.Nunc.mauris@mollisPhaselluslibero.net','Cherokee','Mathis','88549 20710','Malayalam',30034),(10009,'et@tinciduntnunc.ca','Sloane','Mercer','70518 35492','Maghi',30013),(10010,'Morbi.sit@semvitae.co.uk','Mohammad','Conrad','72441 47301','English',30031),(10011,'Nunc@lectus.com','Matthew','Mckenzie','59781 47915','Malayalam',30012),(10012,'diam.dictum@ipsum.com','Thane','Walters','48465 59532','Bhojpuri',30028),(10013,'enim@aliquet.org','Thomas','Holden','63831 81816','Bhojpuri',30027),(10014,'tristique@ProinvelitSed.edu','Owen','Berg','88115 60921','English',30027),(10015,'metus.Aenean@etmalesuada.net','Baxter','Hoover','91121 55683','Punjabi',30026),(10016,'sapien.Nunc@duinec.com','Laura','Kemp','66237 13020','Bengali',30042),(10017,'sem@idnuncinterdum.co.uk','Sasha','Walsh','95510 45404','Bengali',30020),(10018,'egestas.blandit@NullafacilisiSed.net','Nissim','Gaines','06905 25705','Bhojpuri',30032),(10019,'adipiscing.elit.Curabitur@adipiscingenimmi.edu','Arsenio','Joyner','45655 32303','Hindi',30012),(10020,'mauris.a.nunc@semsemper.ca','Miriam','Meyers','65808 69342','Maghi',30028),(10021,'egestas.Duis.ac@lobortisquam.org','Dante','Robles','54087 72350','Marathi',30008),(10022,'a.mi@Phasellusnulla.co.uk','Dante','Suarez','85941 86832','Bhojpuri',30017),(10023,'Aenean.euismod.mauris@Fusce.edu','Lillian','May','76443 92026','Malayalam',30035),(10024,'facilisis@Seddiamlorem.edu','Baxter','Mcknight','35582 06573','Hindi',30012),(10025,'mauris@Vivamuseuismodurna.ca','Cynthia','Chavez','36580 40324','Marathi',30040),(10026,'ullamcorper.eu.euismod@metusurna.net','Indigo','Branch','15787 98324','Punjabi',30029),(10027,'dolor.dapibus.gravida@gravidamauris.edu','Jeanette','Hatfield','23665 70328','Punjabi',30040),(10028,'dui@inceptoshymenaeos.edu','Fiona','Miller','21663 31130','Bhojpuri',30006),(10029,'purus@magnaatortor.com','Olga','Joyce','03485 32175','Marathi',30005),(10030,'amet@metusIn.co.uk','Gray','Oneal','73581 30336','English',30038),(10031,'amet.ultricies@liberoProinmi.co.uk','Zorita','Talley','27161 96006','Maghi',30015),(10032,'urna.Nunc@estarcu.net','Keiko','Vaughan','18992 42091','Bengali',30014),(10033,'lobortis@ProinvelitSed.org','Ocean','Gaines','25405 78099','Maghi',30020),(10034,'id@veliteusem.org','Haley','Fields','94487 10676','Punjabi',30041),(10035,'in.faucibus@placeratCrasdictum.edu','Heidi','Chapman','40223 62349','Kannada',30012),(10036,'blandit.Nam.nulla@Proinmi.org','Yolanda','Black','16403 02448','English',30032),(10037,'turpis@odioAliquam.com','Cally','Ayala','73487 34648','Marathi',30042),(10038,'nec@diamvelarcu.net','Ivan','Cooley','65258 52389','Punjabi',30013),(10039,'tristique@mattis.com','Brady','Haney','05558 95895','Kannada',30037),(10040,'in.lobortis@lectus.org','Diana','Clark','40264 29902','Marathi',30021),(10041,'vitae.erat.vel@InloremDonec.org','Ashton','Butler','10554 81239','Malayalam',30022),(10042,'neque.et@sociis.co.uk','Zachary','Villarreal','65908 72563','English',30022),(10043,'risus.Nunc.ac@urnajusto.net','Basil','Aguirre','50409 70030','English',30007),(10044,'Donec.sollicitudin.adipiscing@auctor.net','Garrett','England','35263 10768','Bhojpuri',30034),(10045,'nunc.ac.mattis@acmattis.com','Keiko','Koch','60782 99061','Malayalam',30033),(10046,'sed.hendrerit@necligulaconsectetuer.edu','Garth','Hull','33830 92226','Punjabi',30036),(10047,'eleifend.nunc.risus@Suspendissenonleo.ca','Halla','Noble','08982 71656','Bhojpuri',30012),(10048,'ipsum.dolor.sit@Nullam.ca','Kelly','Little','89468 05916','English',30026),(10049,'Donec.egestas.Aliquam@acfeugiatnon.edu','Alexis','Odom','26554 53267','Bhojpuri',30024),(10050,'Vestibulum.ante.ipsum@facilisi.ca','Jelani','Hobbs','60750 32637','Tamil',30028),(10051,'nisi@molestie.ca','Ulysses','Grimes','51297 69532','Tamil',30014),(10052,'ut@liberomauris.ca','Kaitlin','Woods','54042 69964','Bhojpuri',30027),(10053,'non.enim.Mauris@tinciduntorciquis.org','Fuller','Gray','57382 40629','Kannada',30022),(10054,'malesuada.fringilla@a.com','Carolyn','Ramsey','38181 80376','Tamil',30012),(10055,'condimentum.Donec@suscipitnonummyFusce.ca','Wynne','Church','06123 04213','Maghi',30017),(10056,'mauris@faucibusleoin.edu','Hakeem','Acevedo','11457 86686','Malayalam',30040),(10057,'lorem@fames.co.uk','Keely','Langley','84135 43529','Punjabi',30026),(10058,'sit.amet@enimNuncut.org','Lavinia','Parks','25640 36981','Maghi',30031),(10059,'tincidunt@vitaeposuere.co.uk','Sara','Jennings','72760 50485','Marathi',30008),(10060,'risus.Nunc@at.co.uk','Xanthus','Maldonado','19451 51865','Hindi',30018),(10061,'ornare.libero.at@Aliquamornare.net','Salvador','Higgins','92558 55887','Tamil',30037),(10062,'purus.Maecenas.libero@Nam.co.uk','Bianca','Murphy','99229 62347','Hindi',30014),(10063,'dictum.Proin@Donec.org','Felix','Heath','89972 89493','Malayalam',30024),(10064,'dictum@sit.edu','Genevieve','Williams','05075 67439','Tamil',30020),(10065,'aliquet@lobortisultrices.com','Giacomo','Barnett','28411 17882','English',30015),(10066,'inceptos.hymenaeos.Mauris@tinciduntneque.net','Shelley','Mcintyre','40263 90149','English',30018),(10067,'odio@purussapiengravida.com','Isaac','Huff','58600 99368','Marathi',30012),(10068,'Maecenas@enim.co.uk','Lillith','Kim','43034 65891','Bengali',30031),(10069,'mollis@laoreetliberoet.co.uk','Kiona','Bradley','11257 55412','Bengali',30009),(10070,'per.inceptos@condimentum.co.uk','Dai','Young','99864 47958','Bengali',30004),(10071,'pede.nec@Donec.com','Ross','Frederick','48627 19825','Bengali',30036),(10072,'et@sitametlorem.co.uk','Madeline','Stokes','23077 35824','Bengali',30010),(10073,'primis.in.faucibus@nonummy.edu','Matthew','Buckner','42467 26472','Bhojpuri',30023),(10074,'Nam@accumsanneque.edu','Drake','Prince','86267 71777','Kannada',30019),(10075,'Vivamus.euismod@parturientmontesnascetur.com','Kelly','Colon','48704 66346','Hindi',30006),(10076,'amet.dapibus.id@diamSed.edu','Mary','Patton','59550 02060','Hindi',30022),(10077,'erat.Vivamus@bibendum.net','Chaney','Walters','28394 53988','English',30002),(10078,'urna.Nunc.quis@orci.org','Lunea','Chavez','14879 54082','Marathi',30017),(10079,'Suspendisse@Aeneansedpede.ca','Grady','Baldwin','97546 36474','English',30035),(10080,'a.scelerisque@Quisque.com','Hammett','Kane','30927 06851','Kannada',30014),(10081,'a@Mauris.org','Julian','Walter','80026 54516','Punjabi',30012),(10082,'elit.Etiam@Cum.org','Laurel','Clay','52849 55670','Tamil',30027),(10083,'at@noncursusnon.edu','Joshua','Malone','96094 21284','Marathi',30023),(10084,'ipsum.sodales.purus@fringilla.edu','Zelda','Walls','35211 60654','Bhojpuri',30002),(10085,'tempus@nunc.co.uk','Clementine','Matthews','01712 38211','Bengali',30037),(10086,'arcu.ac@eratEtiam.ca','Christopher','Kirk','92075 39226','Hindi',30021),(10087,'nibh.Donec@liberoIntegerin.edu','Halee','Wade','51358 79492','Malayalam',30036),(10088,'Aliquam.fringilla@consectetuermauris.co.uk','Finn','Roman','35159 35463','Punjabi',30022),(10089,'ante.lectus.convallis@velnislQuisque.net','Aspen','Rhodes','25378 28675','Malayalam',30028),(10090,'malesuada.fames.ac@erosProinultrices.com','Eden','Welch','18045 23788','Bengali',30034),(10091,'nec.cursus.a@ipsumcursus.net','Tiger','Russo','97528 27961','Bengali',30002),(10092,'dui@vitaesodales.com','Dolan','Russo','75565 66500','Kannada',30014),(10093,'massa@commodo.org','Erin','Good','97908 06221','Bengali',30012),(10094,'diam.Proin@aliquamadipiscinglacus.co.uk','TaShya','Stafford','42026 30616','Bhojpuri',30025),(10095,'nec@lectuspede.ca','Chandler','Barber','34205 54095','Bhojpuri',30027),(10096,'sodales.Mauris.blandit@nuncQuisqueornare.edu','Montana','Cardenas','25640 19749','Bhojpuri',30039),(10097,'quis@sapienimperdietornare.org','Zia','Barrett','19909 16387','Hindi',30013),(10098,'non.luctus@rutrum.co.uk','Cadman','Blackwell','39704 22504','Malayalam',30038),(10099,'ipsum.ac@telluseuaugue.net','Nicholas','Carter','94620 23802','Punjabi',30002),(10100,'est@acmattisvelit.net','Abdul','Mullins','24159 12655','Kannada',30012);
/*!40000 ALTER TABLE `csa` ENABLE KEYS */;
UNLOCK TABLES;

--
-- Table structure for table `plan_tc_mapping`
--

DROP TABLE IF EXISTS `plan_tc_mapping`;
/*!40101 SET @saved_cs_client     = @@character_set_client */;
/*!40101 SET character_set_client = utf8 */;
CREATE TABLE `plan_tc_mapping` (
  `pd_plan_id` bigint(20) NOT NULL,
  `tc_tc_id` bigint(20) NOT NULL,
  KEY `FK7mxlbgkwy093tcjf2h6ylm8b0` (`tc_tc_id`),
  KEY `FKn7jnn94i5487ccxi58nrws5wy` (`pd_plan_id`)
) ENGINE=MyISAM DEFAULT CHARSET=utf8;
/*!40101 SET character_set_client = @saved_cs_client */;

--
-- Dumping data for table `plan_tc_mapping`
--

LOCK TABLES `plan_tc_mapping` WRITE;
/*!40000 ALTER TABLE `plan_tc_mapping` DISABLE KEYS */;
INSERT INTO `plan_tc_mapping` VALUES (1001,101),(1001,101),(20006,30039),(20007,30037),(20011,30012),(20004,30022),(20013,30005),(20020,30024),(20014,30006),(20003,30025),(20014,30019),(20018,30015),(20001,30023),(20010,30035),(20010,30023),(20009,30041),(20003,30019),(20004,30039),(20004,30033),(20016,30034),(20001,30016),(20018,30028),(20006,30021),(20016,30028),(20002,30003),(20002,30002),(20015,30022),(20009,30038),(20009,30043),(20005,30005),(20013,30004),(20007,30034),(20018,30019),(20015,30042),(20005,30032),(20009,30005),(20002,30024),(20017,30019),(20013,30033),(20018,30011),(20006,30008),(20011,30029),(20002,30029),(20014,30030),(20007,30022),(20018,30039),(20020,30036),(20002,30019),(20013,30043),(20003,30020),(20011,30005),(20019,30009),(20018,30022),(20008,30023),(20017,30011),(20008,30021),(20011,30042),(20006,30020),(20005,30020),(20008,30035),(20018,30019),(20006,30040),(20010,30025),(20015,30004),(20006,30009),(20014,30022),(20016,30005),(20009,30013),(20013,30010),(20003,30039),(20012,30020),(20008,30022),(20016,30015),(20010,30036),(20004,30041),(20004,30019),(20018,30005),(20004,30028),(20019,30018),(20008,30012),(20017,30016),(20017,30007),(20015,30019),(20010,30033),(20002,30005),(20018,30010),(20007,30025),(20007,30032),(20020,30003),(20017,30013),(20017,30003),(20002,30042),(20020,30023),(20019,30015),(20014,30012),(20009,30042),(20019,30006),(20016,30040),(20017,30013),(20010,30030),(20007,30039),(20014,30010),(20005,30002),(20005,30023),(20014,30039),(20016,30029),(20019,30005),(20019,30006),(20018,30032),(20017,30022),(20012,30038),(20014,30031),(20012,30006),(20007,30030),(20006,30035),(20020,30007),(20013,30008),(20004,30001),(20003,30001),(20012,30004),(20005,30029),(20017,30008),(20020,30020),(20020,30009),(20011,30027),(20019,30021),(20009,30026),(20019,30026),(20013,30032),(20004,30025),(20013,30020),(20011,30028),(20013,30017),(20006,30030),(20011,30021),(20007,30021),(20011,30015),(20017,30015),(20007,30013),(20020,30017),(20007,30019),(20004,30027),(20004,30028),(20002,30029),(20013,30003),(20012,30041),(20002,30041),(20006,30023),(20005,30021),(20010,30038),(20015,30031),(20016,30038),(20013,30016),(20013,30021),(20019,30002),(20002,30031),(20009,30027),(20004,30015),(20006,30028),(20005,30015),(20013,30041),(20012,30039),(20014,30001),(20002,30013),(20018,30008),(20018,30004),(20007,30016),(20019,30005),(20002,30023),(20001,30001),(20001,30003),(20018,30040),(20017,30004),(20004,30005),(20018,30019),(20009,30027),(20010,30027),(20006,30016),(20018,30001),(20014,30037),(20016,30041),(20003,30026),(20010,30014),(20011,30003),(20007,30037),(20005,30041),(20009,30010),(20016,30019),(20007,30043),(20005,30016),(20018,30040),(20004,30029),(20009,30001),(20013,30024),(20011,30030),(20011,30025),(20015,30033),(20008,30038),(20004,30028),(20016,30008),(20010,30043),(20006,30015),(20004,30021),(20003,30043),(20017,30026),(20001,30024),(20010,30033),(20015,30021),(20017,30001),(20006,30016),(20005,30035),(20007,30013),(20013,30038),(20006,30007),(20005,30016),(20001,30037),(20004,30005),(20019,30031),(20020,30003),(20013,30043),(20003,30006),(20008,30028),(20002,30014),(20004,30035),(20012,30040),(20008,30012),(20015,30039),(20017,30009),(20015,30020),(20018,30029),(20006,30034),(20010,30027),(20007,30019),(20017,30009),(20006,30039),(20016,30014),(20010,30037),(20018,30023),(20008,30001),(20003,30026),(20018,30015),(20013,30043),(20016,30025),(20020,30037),(20017,30040),(20007,30010),(20008,30005),(20013,30001),(20012,30028),(20009,30013),(20001,30019),(20006,30018),(20019,30038),(20006,30026),(20014,30036),(20002,30041),(20002,30003),(20011,30008),(20001,30026),(20008,30023),(20005,30007),(20018,30024),(20014,30013),(20001,30006),(20013,30012),(20015,30041),(20011,30042),(20020,30016),(20019,30038),(20015,30006),(20010,30032),(20010,30009),(20010,30010),(20018,30015),(20008,30005),(20015,30034),(20002,30019),(20002,30008),(20010,30015),(20013,30013),(20011,30020),(20018,30003),(20019,30034),(20015,30043),(20012,30042),(20019,30038),(20020,30039),(20005,30024),(20019,30031),(20020,30022),(20020,30017),(20017,30022),(20006,30029),(20018,30033),(20018,30032),(20010,30017),(20016,30018),(20003,30041),(20011,30007),(20017,30002),(20002,30031),(20002,30012),(20012,30015),(20002,30039),(20003,30020),(20003,30008),(20011,30037),(20004,30011),(20003,30022),(20002,30002),(20007,30012),(20007,30038),(20011,30034),(20008,30036),(20003,30009),(20006,30033),(20012,30035),(20016,30006),(20005,30025),(20020,30013),(20020,30016),(20010,30035),(20005,30026),(20003,30018),(20015,30012),(20005,30014),(20015,30008),(20010,30009),(20012,30003),(20004,30033),(20008,30002),(20015,30041),(20004,30021),(20020,30026),(20011,30007),(20019,30017),(20003,30036),(20019,30041),(20005,30009),(20001,30038),(20002,30020),(20015,30025),(20013,30038),(20002,30011),(20004,30004),(20014,30041),(20002,30032),(20015,30033),(20014,30020),(20005,30023),(20004,30038),(20012,30026),(20002,30040),(20018,30004),(20009,30001),(20014,30037),(20004,30022),(20009,30007),(20001,30012),(20001,30009),(20013,30020),(20001,30010),(20014,30023),(20005,30038),(20012,30019),(20015,30022),(20004,30016),(20008,30041),(20014,30035),(20014,30016),(20015,30022),(20007,30033),(20004,30036),(20002,30012),(20010,30009),(20012,30033),(20008,30021),(20009,30025),(20001,30007),(20009,30029),(20014,30040),(20006,30015),(20009,30010),(20011,30028),(20007,30018),(20010,30033),(20015,30007),(20010,30011),(20018,30041),(20015,30018),(20019,30022),(20019,30009),(20005,30004),(20020,30032),(20005,30017),(20019,30008),(20008,30038),(20013,30027),(20008,30009),(20008,30033),(20020,30039),(20009,30005),(20007,30028),(20019,30003),(20010,30008),(20018,30036),(20016,30022),(20019,30039),(20014,30016),(20010,30008),(20012,30003),(20015,30009),(20012,30024),(20010,30042),(20007,30034),(20017,30037),(20020,30014),(20004,30035),(20012,30037),(20018,30005),(20010,30035),(20008,30001),(20005,30025),(20019,30024),(20011,30019),(20002,30027),(20001,30005),(20019,30039),(20001,30018),(20002,30026),(20003,30015),(20009,30033),(20001,30043),(20017,30022),(20010,30034),(20010,30005),(20008,30032),(20017,30025),(20010,30013),(20013,30043),(20007,30041),(20006,30017),(20009,30037),(20010,30019),(20009,30040),(20019,30025),(20001,30019),(20002,30042),(20016,30010),(20004,30014),(20008,30040),(20001,30028),(20009,30019),(20017,30025),(20014,30031),(20020,30007),(20009,30016),(20014,30003),(20016,30031),(20014,30037),(20014,30036),(20019,30017),(20016,30006),(20005,30030),(20011,30011),(20017,30023),(20020,30024),(20017,30004),(20005,30024),(20009,30043),(20010,30024),(20001,30036),(20003,30030),(20018,30011),(20019,30026),(20006,30008),(20020,30017),(20016,30018),(20001,30030),(20003,30010),(20019,30023),(20010,30012),(20010,30022),(20017,30027),(20020,30025),(20009,30019),(20003,30037),(20017,30027),(20013,30002),(20020,30043),(20017,30020),(20007,30040),(20004,30001),(20018,30033),(20001,30018),(20007,30041),(20014,30030),(20015,30024),(20013,30034),(20012,30035),(20009,30035),(20019,30042),(20021,30023),(20022,30023);
/*!40000 ALTER TABLE `plan_tc_mapping` ENABLE KEYS */;
UNLOCK TABLES;

--
-- Table structure for table `plandetails`
--

DROP TABLE IF EXISTS `plandetails`;
/*!40101 SET @saved_cs_client     = @@character_set_client */;
/*!40101 SET character_set_client = utf8 */;
CREATE TABLE `plandetails` (
  `plan_id` bigint(20) NOT NULL AUTO_INCREMENT,
  `plan_name` varchar(255) DEFAULT NULL,
  `plan_price` double NOT NULL,
  `plan_type` varchar(255) DEFAULT NULL,
  `plan_validity` varchar(255) DEFAULT NULL,
  PRIMARY KEY (`plan_id`)
) ENGINE=MyISAM AUTO_INCREMENT=20023 DEFAULT CHARSET=utf8;
/*!40101 SET character_set_client = @saved_cs_client */;

--
-- Dumping data for table `plandetails`
--

LOCK TABLES `plandetails` WRITE;
/*!40000 ALTER TABLE `plandetails` DISABLE KEYS */;
INSERT INTO `plandetails` VALUES (20001,'R299',299,'Prepaid','28 days'),(20002,'R150',150,'Prepaid','21 days'),(20003,'R399',399,'Prepaid','54 days'),(20004,'R599',599,'Postpaid','60 days'),(20005,'R999',999,'Postpaid','84 days'),(20006,'D199',199,'Prepaid','28 days'),(20007,'D150',150,'Prepaid','21 days'),(20008,'D399',399,'Prepaid','54 days'),(20009,'D599',599,'Postpaid','60 days'),(20010,'D999',999,'Postpaid','84 days'),(20011,'T299',299,'Prepaid','28 days'),(20012,'T150',150,'Prepaid','21 days'),(20013,'T399',399,'Prepaid','54 days'),(20014,'T599',599,'Postpaid','60 days'),(20015,'T999',999,'Postpaid','84 days'),(20016,'M20',20,'Prepaid','28 days'),(20017,'M50',50,'Postpaid','54 days'),(20018,'M100',100,'Prepaid','84 days'),(20019,'S999',999,'Prepaid','168 days'),(20020,'S1699',1699,'Prepaid','252 days'),(20021,'R299',299,'Prepaid','28 days'),(20022,'R299',299,'Prepaid','28 days');
/*!40000 ALTER TABLE `plandetails` ENABLE KEYS */;
UNLOCK TABLES;

--
-- Table structure for table `telecomcircle`
--

DROP TABLE IF EXISTS `telecomcircle`;
/*!40101 SET @saved_cs_client     = @@character_set_client */;
/*!40101 SET character_set_client = utf8 */;
CREATE TABLE `telecomcircle` (
  `tc_id` bigint(20) NOT NULL AUTO_INCREMENT,
  `city` varchar(255) DEFAULT NULL,
  `district` varchar(255) DEFAULT NULL,
  `primary_lang` varchar(255) DEFAULT NULL,
  `state` varchar(255) DEFAULT NULL,
  PRIMARY KEY (`tc_id`)
) ENGINE=MyISAM AUTO_INCREMENT=30044 DEFAULT CHARSET=utf8;
/*!40101 SET character_set_client = @saved_cs_client */;

--
-- Dumping data for table `telecomcircle`
--

LOCK TABLES `telecomcircle` WRITE;
/*!40000 ALTER TABLE `telecomcircle` DISABLE KEYS */;
INSERT INTO `telecomcircle` VALUES (30001,'Chennai','Chennai','Tamil','Tamil Nadu\r'),(30002,'Trichy','Trichy','Tamil','Tamil Nadu\r'),(30003,'Madurai','Madurai','Tamil','Tamil Nadu\r'),(30004,'Coimbatore ','Coimbatore ','Tamil','Tamil Nadu\r'),(30005,'Kanyakumari','Kanyakumari','Tamil','Tamil Nadu\r'),(30006,'Cochin','Cochin','Malayalam','Kerala\r'),(30007,'Calicut','Calicut','Malayalam','Kerala\r'),(30008,'Palakkad','Palakkad','Malayalam','Kerala\r'),(30009,'Trivandrum','Trivandrum','Malayalam','Kerala\r'),(30010,'Alapuzha','Alapuzha','Malayalam','Kerala\r'),(30011,'Lucknow','Lucknow','Hindi','Uttar Pradesh\r'),(30012,'Kanpur','Kanpur','Hindi','Uttar Pradesh\r'),(30013,'Prayagraj','Prayagraj','Hindi','Uttar Pradesh\r'),(30014,'Gurugram','Gurugram','Hindi','Uttar Pradesh\r'),(30015,'Gorakhpur','Gorakhpur','Hindi','Uttar Pradesh\r'),(30016,'Mumbai','Mumbai','Marathi','Maharashtra\r'),(30017,'Nasik','Nasik','Marathi','Maharashtra\r'),(30018,'Nagpur','Nagpur','Marathi','Maharashtra\r'),(30019,'Pune','Pune','Marathi','Maharashtra\r'),(30020,'Solapur','Solapur','Marathi','Maharashtra\r'),(30021,'Bangalore','Bangalore','Kannada','Karnataka\r'),(30022,'Mysore','Mysore','Kannada','Karnataka\r'),(30023,'Raichur','Raichur','Kannada','Karnataka\r'),(30024,'Bellary','Bellary','Kannada','Karnataka\r'),(30025,'Hubli','Hubli','Kannada','Karnataka\r'),(30026,'Patna','Patna','Bhojpuri','Bihar\r'),(30027,'Gaya','Gaya','Bhojpuri','Bihar\r'),(30028,'Nalanda','Nalanda','Bhojpuri','Bihar\r'),(30029,'Ranchi','Ranchi','Maghi','Jharkhand\r'),(30030,'Bokaro','Bokaro','Maghi','Jharkhand\r'),(30031,'Wasseypur','Wasseypur','Maghi','Jharkhand\r'),(30032,'Chandigarh','Chandigarh','Punjabi','Punjab\r'),(30033,'Ludhiana','Ludhiana','Punjabi','Punjab\r'),(30034,'Amritsar','Amritsar','Punjabi','Punjab\r'),(30035,'Jalandhar','Jalandhar','Punjabi','Punjab\r'),(30036,'Patiala','Patiala','Punjabi','Punjab\r'),(30037,'Kolkata','Kolkata','Bengali','West Bengal\r'),(30038,'Siliguri','Siliguri','Bengali','West Bengal\r'),(30039,'Durgapur','Durgapur','Bengali','West Bengal\r'),(30040,'Asansol','Asansol','Bengali','West Bengal\r'),(30041,'Haldia','Haldia','Bengali','West Bengal\r'),(30042,'Delhi','Delhi','Hindi','Delhi\r'),(30043,'New Delhi','New Delhi','English','Delhi\r');
/*!40000 ALTER TABLE `telecomcircle` ENABLE KEYS */;
UNLOCK TABLES;

--
-- Table structure for table `tickets`
--

DROP TABLE IF EXISTS `tickets`;
/*!40101 SET @saved_cs_client     = @@character_set_client */;
/*!40101 SET character_set_client = utf8 */;
CREATE TABLE `tickets` (
  `ticket_id` bigint(20) NOT NULL AUTO_INCREMENT,
  `content` varchar(255) DEFAULT NULL,
  `raised_date` date DEFAULT NULL,
  `resolved_date` date DEFAULT NULL,
  `status` varchar(255) DEFAULT NULL,
  `ticket_type` varchar(255) DEFAULT NULL,
  `user_id` bigint(20) NOT NULL,
  PRIMARY KEY (`ticket_id`),
  KEY `FKibwnxyawjl0bdr2f76b0mycf8` (`user_id`)
) ENGINE=MyISAM AUTO_INCREMENT=50501 DEFAULT CHARSET=utf8;
/*!40101 SET character_set_client = @saved_cs_client */;

--
-- Dumping data for table `tickets`
--

LOCK TABLES `tickets` WRITE;
/*!40000 ALTER TABLE `tickets` DISABLE KEYS */;
INSERT INTO `tickets` VALUES (50001,'Getting a lot of cross talks','2017-11-22',NULL,'Open','Service',59),(50002,'Receiving a lot of spam messages','2017-07-21',NULL,'Open','Service',177),(50003,'Calls aren\'t getting connected','2017-05-21',NULL,'Open','Service',179),(50004,'Receiving a lot of spam messages','2017-11-23',NULL,'Open','Service',222),(50005,'Data speed is too low at indoors','2017-09-09',NULL,'Open','Service',161),(50006,'CSA was very bad in service','2017-09-12',NULL,'Open','Service',40),(50007,'Receiving a lot of spam messages','2017-03-04',NULL,'Open','Service',163),(50008,'Data speed is too low at indoors','2017-04-19',NULL,'Open','Service',229),(50009,'Messages aren\'t getting users','2017-10-21','2017-12-30','Closed','Service',216),(50010,'Mobile Data not working','2017-04-22','2017-11-13','Closed','Service',175),(50011,'Messages aren\'t getting users','2017-03-20','2017-07-29','Closed','Service',198),(50012,'Getting a lot of call drops','2017-08-21','2017-08-27','Closed','Service',237),(50013,'Data speed is too low','2017-07-23',NULL,'Open','Service',8),(50014,'Cannot connect to Customer Care','2017-05-01',NULL,'Open','Service',217),(50015,'Data speed is too low at indoors','2017-10-28',NULL,'Open','Service',235),(50016,'Cannot connect to Customer Care','2017-02-09',NULL,'Open','Service',51),(50017,'Receiving a lot of spam messages','2017-06-10','2017-08-29','Closed','Service',166),(50018,'Data speed is too low','2017-11-10',NULL,'Open','Service',132),(50019,'Cannot connect to Customer Care','2017-04-25',NULL,'Open','Service',219),(50020,'CSA was very bad in service','2017-09-02',NULL,'Open','Service',207),(50021,'Receiving a lot of spam messages','2017-08-09',NULL,'Open','Service',227),(50022,'Data speed is too low','2017-12-23','2017-12-26','Closed','Service',137),(50023,'Messages aren\'t getting users','2017-11-10','2017-12-07','Closed','Service',62),(50024,'Data speed is too low at indoors','2017-07-01',NULL,'Open','Service',170),(50025,'Messages aren\'t getting users','2017-12-10',NULL,'Open','Service',73),(50026,'Getting a lot of unwanted calls','2017-03-02',NULL,'Open','Service',4),(50027,'Receiving a lot of spam messages','2017-08-01','2017-11-17','Closed','Service',145),(50028,'Recharge amount hasn\'t been updated','2017-03-02',NULL,'Open','Service',166),(50029,'Getting a lot of call drops','2017-07-12',NULL,'Open','Service',178),(50030,'Cannot connect to Customer Care','2017-03-17','2017-08-04','Closed','Service',180),(50031,'Receiving a lot of spam messages','2017-07-23',NULL,'Open','Service',60),(50032,'Messages aren\'t getting users','2017-03-01',NULL,'Open','Service',66),(50033,'Calls aren\'t getting connected','2017-09-04',NULL,'Open','Service',161),(50034,'Getting a lot of call drops','2017-05-08',NULL,'Open','Service',130),(50035,'Data speed is too low','2017-10-20','2017-11-13','Closed','Service',115),(50036,'Mobile Data not working','2017-10-11','2017-11-09','Closed','Service',32),(50037,'Receiving a lot of spam messages','2017-01-13','2017-06-06','Closed','Service',159),(50038,'Mobile Data not working','2017-05-14','2017-10-13','Closed','Service',72),(50039,'Getting a lot of unwanted calls','2017-10-05',NULL,'Open','Service',199),(50040,'Getting a lot of call drops','2017-03-15','2017-08-11','Closed','Service',85),(50041,'CSA was very bad in service','2017-03-28',NULL,'Open','Service',160),(50042,'Data speed is too low at indoors','2017-06-25',NULL,'Open','Service',136),(50043,'Data speed is too low','2017-09-17','2017-09-28','Closed','Service',157),(50044,'Data speed is too low','2017-09-05','2017-09-22','Closed','Service',61),(50045,'Getting a lot of cross talks','2017-05-02',NULL,'Open','Service',131),(50046,'Cannot connect to Customer Care','2017-12-29','2017-12-29','Closed','Service',10),(50047,'Data speed is too low at indoors','2017-12-12',NULL,'Open','Service',82),(50048,'Data speed is too low at indoors','2017-11-28',NULL,'Open','Service',220),(50049,'Getting a lot of call drops','2017-07-04','2017-08-25','Closed','Service',154),(50050,'Getting a lot of call drops','2017-10-30','2017-11-27','Closed','Service',47),(50051,'Receiving a lot of spam messages','2017-07-25','2017-08-08','Closed','Service',52),(50052,'Getting a lot of unwanted calls','2017-03-12',NULL,'Open','Service',184),(50053,'Receiving a lot of spam messages','2017-02-09','2017-05-15','Closed','Service',7),(50054,'Data speed is too low at indoors','2017-05-19',NULL,'Open','Service',189),(50055,'Getting a lot of call drops','2017-10-09',NULL,'Open','Service',235),(50056,'Mobile Data not working','2017-11-06','2017-11-14','Closed','Service',38),(50057,'Data speed is too low','2017-02-12',NULL,'Open','Service',26),(50058,'Data speed is too low','2017-12-02',NULL,'Open','Service',131),(50059,'Messages aren\'t getting users','2017-04-30',NULL,'Open','Service',54),(50060,'Data speed is too low at indoors','2017-02-26',NULL,'Open','Service',24),(50061,'Cannot connect to Customer Care','2017-04-10',NULL,'Open','Service',71),(50062,'Cannot connect to Customer Care','2017-01-17',NULL,'Open','Service',153),(50063,'Receiving a lot of spam messages','2017-11-05','2017-11-21','Closed','Service',47),(50064,'CSA was very bad in service','2017-05-17','2017-11-22','Closed','Service',218),(50065,'Mobile Data not working','2017-03-07',NULL,'Open','Service',213),(50066,'Mobile Data not working','2017-06-11',NULL,'Open','Service',146),(50067,'Recharge amount hasn\'t been updated','2017-07-12','2017-11-06','Closed','Service',199),(50068,'Data speed is too low at indoors','2017-01-05','2017-10-18','Closed','Service',76),(50069,'Data speed is too low','2017-09-13',NULL,'Open','Service',138),(50070,'Getting a lot of call drops','2017-04-15',NULL,'Open','Service',47),(50071,'Cannot connect to Customer Care','2017-10-18','2017-11-14','Closed','Service',154),(50072,'Mobile Data not working','2017-11-26',NULL,'Open','Service',17),(50073,'Messages aren\'t getting users','2017-03-19','2017-12-07','Closed','Service',145),(50074,'Recharge amount hasn\'t been updated','2017-12-10',NULL,'Open','Service',156),(50075,'Data speed is too low','2017-12-17',NULL,'Open','Service',147),(50076,'Getting a lot of unwanted calls','2017-01-25',NULL,'Open','Service',113),(50077,'Mobile Data not working','2017-12-17',NULL,'Open','Service',225),(50078,'Data speed is too low at indoors','2017-06-12',NULL,'Open','Service',83),(50079,'Messages aren\'t getting users','2017-11-02',NULL,'Open','Service',186),(50080,'Receiving a lot of spam messages','2017-05-31',NULL,'Open','Service',215),(50081,'Data speed is too low','2017-11-09','2017-11-28','Closed','Service',96),(50082,'Cannot connect to Customer Care','2017-04-17',NULL,'Open','Service',112),(50083,'CSA was very bad in service','2017-11-04',NULL,'Open','Service',42),(50084,'Messages aren\'t getting users','2017-12-07',NULL,'Open','Service',86),(50085,'Messages aren\'t getting users','2017-02-10','2017-02-28','Closed','Service',106),(50086,'Getting a lot of call drops','2017-09-14','2017-11-20','Closed','Service',172),(50087,'Data speed is too low','2017-08-05','2017-11-24','Closed','Service',49),(50088,'Receiving a lot of spam messages','2017-02-22','2017-08-19','Closed','Service',173),(50089,'Data speed is too low at indoors','2017-05-26',NULL,'Open','Service',130),(50090,'Calls aren\'t getting connected','2017-02-06','2017-02-12','Closed','Service',45),(50091,'Data speed is too low','2017-01-25','2017-12-16','Closed','Service',146),(50092,'Mobile Data not working','2017-07-07',NULL,'Open','Service',244),(50093,'Data speed is too low at indoors','2017-12-10',NULL,'Open','Service',14),(50094,'Data speed is too low at indoors','2017-09-17','2017-11-29','Closed','Service',52),(50095,'Getting a lot of call drops','2017-04-26',NULL,'Open','Service',33),(50096,'Cannot connect to Customer Care','2017-10-22',NULL,'Open','Service',116),(50097,'Cannot connect to Customer Care','2017-07-01','2017-12-24','Closed','Service',147),(50098,'Cannot connect to Customer Care','2017-03-23',NULL,'Open','Service',119),(50099,'Calls aren\'t getting connected','2017-09-06','0000-00-00','Closed','Service',154),(50100,'Cannot connect to Customer Care','2017-10-01',NULL,'Open','Service',36),(50101,'Getting a lot of unwanted calls','2017-07-13','2017-11-25','Closed','Service',225),(50102,'Recharge amount hasn\'t been updated','2017-09-27',NULL,'Open','Service',70),(50103,'Data speed is too low at indoors','2017-08-28',NULL,'Open','Service',6),(50104,'Mobile Data not working','2017-06-15',NULL,'Open','Service',225),(50105,'Messages aren\'t getting users','2017-06-22',NULL,'Open','Service',170),(50106,'Messages aren\'t getting users','2017-04-20',NULL,'Open','Service',102),(50107,'Getting a lot of cross talks','2017-04-27',NULL,'Open','Service',118),(50108,'Messages aren\'t getting users','2017-12-18',NULL,'Open','Service',20),(50109,'Calls aren\'t getting connected','2017-11-27','2017-12-14','Closed','Service',127),(50110,'Data speed is too low at indoors','2017-12-07',NULL,'Open','Service',151),(50111,'Getting a lot of cross talks','2017-10-29',NULL,'Open','Service',76),(50112,'Data speed is too low at indoors','2017-02-26',NULL,'Open','Service',232),(50113,'Receiving a lot of spam messages','2017-12-28',NULL,'Open','Service',170),(50114,'Calls aren\'t getting connected','2017-12-03',NULL,'Open','Service',37),(50115,'Data speed is too low at indoors','2017-08-05','2017-10-31','Closed','Service',169),(50116,'Recharge amount hasn\'t been updated','2017-11-15',NULL,'Open','Service',123),(50117,'Getting a lot of call drops','2017-07-14',NULL,'Open','Service',244),(50118,'Getting a lot of cross talks','2017-07-31',NULL,'Open','Service',8),(50119,'Getting a lot of call drops','2017-04-22','2017-07-05','Closed','Service',9),(50120,'Getting a lot of unwanted calls','2017-10-13',NULL,'Open','Service',22),(50121,'Cannot connect to Customer Care','2017-07-07','2017-08-09','Closed','Service',173),(50122,'Cannot connect to Customer Care','2017-12-03',NULL,'Open','Service',186),(50123,'Receiving a lot of spam messages','2017-06-03','2017-06-16','Closed','Service',71),(50124,'Getting a lot of cross talks','2017-09-20',NULL,'Open','Service',21),(50125,'Recharge amount hasn\'t been updated','2017-12-24',NULL,'Open','Service',236),(50126,'Getting a lot of call drops','2017-01-02',NULL,'Open','Service',61),(50127,'Getting a lot of call drops','2017-09-09',NULL,'Open','Service',1),(50128,'Messages aren\'t getting users','2017-10-23',NULL,'Open','Service',66),(50129,'Receiving a lot of spam messages','2017-07-14',NULL,'Open','Service',47),(50130,'CSA was very bad in service','2017-03-06','2017-12-22','Closed','Service',128),(50131,'Calls aren\'t getting connected','2017-10-18',NULL,'Open','Service',118),(50132,'Data speed is too low','2017-11-24',NULL,'Open','Service',40),(50133,'Mobile Data not working','2017-01-28','2017-02-12','Closed','Service',124),(50134,'Messages aren\'t getting users','2017-02-16','2017-11-11','Closed','Service',183),(50135,'Mobile Data not working','2017-03-17','2017-07-29','Closed','Service',53),(50136,'Data speed is too low','2017-10-13',NULL,'Open','Service',139),(50137,'CSA was very bad in service','2017-07-27','2017-11-06','Closed','Service',15),(50138,'Data speed is too low','2017-10-28','2017-11-07','Closed','Service',192),(50139,'Receiving a lot of spam messages','2017-10-26','2017-11-28','Closed','Service',145),(50140,'Receiving a lot of spam messages','2017-10-15',NULL,'Open','Service',74),(50141,'Recharge amount hasn\'t been updated','2017-10-21',NULL,'Open','Service',20),(50142,'Receiving a lot of spam messages','2017-02-15',NULL,'Open','Service',238),(50143,'Cannot connect to Customer Care','2017-01-23','2017-11-23','Closed','Service',216),(50144,'Recharge amount hasn\'t been updated','2017-01-16','2017-04-14','Closed','Service',2),(50145,'Getting a lot of unwanted calls','2017-07-29',NULL,'Open','Service',115),(50146,'CSA was very bad in service','2017-03-10','2017-05-25','Closed','Service',184),(50147,'Getting a lot of cross talks','2017-07-18','2017-10-10','Closed','Service',231),(50148,'Data speed is too low','2017-03-04',NULL,'Open','Service',196),(50149,'Getting a lot of unwanted calls','2017-06-05','2017-09-27','Closed','Service',235),(50150,'Getting a lot of unwanted calls','2017-12-22','2017-12-23','Closed','Service',5),(50151,'Getting a lot of cross talks','2017-05-01',NULL,'Open','Service',32),(50152,'Calls aren\'t getting connected','2017-04-04',NULL,'Open','Service',4),(50153,'CSA was very bad in service','2017-01-05',NULL,'Open','Service',155),(50154,'Calls aren\'t getting connected','2017-08-19',NULL,'Open','Service',117),(50155,'Mobile Data not working','2017-07-08',NULL,'Open','Service',111),(50156,'Data speed is too low','2017-09-04','2017-11-23','Closed','Service',10),(50157,'Recharge amount hasn\'t been updated','2017-06-08',NULL,'Open','Service',30),(50158,'Cannot connect to Customer Care','2017-06-08','2017-09-17','Closed','Service',149),(50159,'Getting a lot of call drops','2017-02-15','2017-08-27','Closed','Service',157),(50160,'Messages aren\'t getting users','2017-10-18','2017-11-24','Closed','Service',72),(50161,'Getting a lot of call drops','2017-12-01','2017-12-11','Closed','Service',133),(50162,'Getting a lot of call drops','2017-11-06',NULL,'Open','Service',21),(50163,'Cannot connect to Customer Care','2017-05-13','2017-09-16','Closed','Service',146),(50164,'CSA was very bad in service','2017-10-21','2017-12-08','Closed','Service',36),(50165,'Messages aren\'t getting users','2017-12-17',NULL,'Open','Service',213),(50166,'Getting a lot of call drops','2017-05-04','2017-10-06','Closed','Service',191),(50167,'Data speed is too low','2017-09-28','2017-11-20','Closed','Service',140),(50168,'Messages aren\'t getting users','2017-05-01','2017-09-13','Closed','Service',31),(50169,'CSA was very bad in service','2017-12-03','2017-12-18','Closed','Service',61),(50170,'Data speed is too low at indoors','2017-12-03','2017-12-29','Closed','Service',191),(50171,'Data speed is too low','2017-12-23','2017-12-24','Closed','Service',130),(50172,'Recharge amount hasn\'t been updated','2017-02-10','2017-02-15','Closed','Service',99),(50173,'Getting a lot of call drops','2017-11-23','2017-11-30','Closed','Service',205),(50174,'Data speed is too low at indoors','2017-02-06','2017-08-31','Closed','Service',11),(50175,'Getting a lot of call drops','2017-06-02','2017-11-12','Closed','Service',242),(50176,'Mobile Data not working','2017-12-25','2017-12-27','Closed','Service',177),(50177,'CSA was very bad in service','2017-10-17',NULL,'Open','Service',217),(50178,'Mobile Data not working','2017-09-06',NULL,'Open','Service',53),(50179,'Recharge amount hasn\'t been updated','2017-09-21','2017-11-15','Closed','Service',243),(50180,'Getting a lot of cross talks','2017-02-24',NULL,'Open','Service',67),(50181,'Getting a lot of cross talks','2017-11-13','2017-11-30','Closed','Service',50),(50182,'Receiving a lot of spam messages','2017-10-25','2017-12-07','Closed','Service',232),(50183,'Getting a lot of unwanted calls','2017-11-12',NULL,'Open','Service',125),(50184,'Recharge amount hasn\'t been updated','2017-10-24','2017-11-23','Closed','Service',119),(50185,'Getting a lot of cross talks','2017-03-08',NULL,'Open','Service',236),(50186,'Receiving a lot of spam messages','2017-11-19','2017-12-26','Closed','Service',97),(50187,'Getting a lot of unwanted calls','2017-02-01','2017-02-03','Closed','Service',154),(50188,'Receiving a lot of spam messages','2017-05-15',NULL,'Open','Service',83),(50189,'Data speed is too low at indoors','2017-05-24',NULL,'Open','Service',21),(50190,'Getting a lot of call drops','2017-10-30',NULL,'Open','Service',193),(50191,'Getting a lot of unwanted calls','2017-09-05',NULL,'Open','Service',219),(50192,'Data speed is too low at indoors','2017-09-22','2017-11-09','Closed','Service',90),(50193,'CSA was very bad in service','2017-02-15','2017-09-12','Closed','Service',132),(50194,'Calls aren\'t getting connected','2017-10-02',NULL,'Open','Service',8),(50195,'Data speed is too low at indoors','2017-06-24','2017-09-01','Closed','Service',148),(50196,'Getting a lot of unwanted calls','2017-05-14','2017-08-10','Closed','Service',168),(50197,'Getting a lot of call drops','2017-08-14','2017-08-29','Closed','Service',3),(50198,'Recharge amount hasn\'t been updated','2017-11-15','2017-11-17','Closed','Service',222),(50199,'Getting a lot of call drops','2017-09-25','2017-11-26','Closed','Service',42),(50200,'Data speed is too low','2017-09-04','2017-11-16','Closed','Service',59),(50201,'Receiving a lot of spam messages','2017-02-26','2017-11-20','Closed','Service',84),(50202,'Mobile Data not working','2017-11-04','2017-11-16','Closed','Service',230),(50203,'Getting a lot of cross talks','2017-08-17','2017-10-02','Closed','Service',156),(50204,'Messages aren\'t getting users','2017-12-24','2017-12-26','Closed','Service',198),(50205,'Recharge amount hasn\'t been updated','2017-05-12',NULL,'Open','Service',137),(50206,'Cannot connect to Customer Care','2017-03-28',NULL,'Open','Service',208),(50207,'CSA was very bad in service','2017-12-09',NULL,'Open','Service',170),(50208,'Cannot connect to Customer Care','2017-01-10',NULL,'Open','Service',65),(50209,'Mobile Data not working','2017-06-08',NULL,'Open','Service',36),(50210,'Getting a lot of unwanted calls','2017-07-17',NULL,'Open','Service',18),(50211,'Getting a lot of cross talks','2017-08-24',NULL,'Open','Service',231),(50212,'Recharge amount hasn\'t been updated','2017-05-15',NULL,'Open','Service',24),(50213,'Calls aren\'t getting connected','2017-09-15','2017-10-28','Closed','Service',84),(50214,'Getting a lot of cross talks','2017-07-11','2017-12-03','Closed','Service',6),(50215,'Mobile Data not working','2017-12-11','2017-12-27','Closed','Service',113),(50216,'Recharge amount hasn\'t been updated','2017-01-29','2017-02-19','Closed','Service',221),(50217,'Receiving a lot of spam messages','2017-01-11','2017-09-03','Closed','Service',110),(50218,'Getting a lot of cross talks','2017-08-23',NULL,'Open','Service',107),(50219,'Getting a lot of cross talks','2017-12-20',NULL,'Open','Service',187),(50220,'Recharge amount hasn\'t been updated','2017-10-25','2017-12-29','Closed','Service',194),(50221,'CSA was very bad in service','2017-05-05','2018-01-28','Closed','Service',106),(50222,'Data speed is too low at indoors','2017-07-14',NULL,'Open','Service',54),(50223,'Recharge amount hasn\'t been updated','2017-08-13',NULL,'Open','Service',237),(50224,'Receiving a lot of spam messages','2017-01-05',NULL,'Open','Service',250),(50225,'Data speed is too low','2017-01-12',NULL,'Open','Service',157),(50226,'Messages aren\'t getting users','2017-09-12','2017-10-08','Closed','Service',217),(50227,'Data speed is too low','2017-06-26','2017-07-25','Closed','Service',201),(50228,'Data speed is too low','2017-01-05','2017-08-27','Closed','Service',174),(50229,'Calls aren\'t getting connected','2017-09-24',NULL,'Open','Service',20),(50230,'Getting a lot of unwanted calls','2017-08-21','2017-09-02','Closed','Service',219),(50231,'Recharge amount hasn\'t been updated','2017-08-12','2017-11-12','Closed','Service',236),(50232,'Getting a lot of unwanted calls','2017-11-18','2017-12-24','Closed','Service',161),(50233,'Cannot connect to Customer Care','2017-10-30','2017-11-13','Closed','Service',73),(50234,'Cannot connect to Customer Care','2017-07-05','2017-12-13','Closed','Service',123),(50235,'Receiving a lot of spam messages','2017-10-12','2017-12-29','Closed','Service',32),(50236,'Getting a lot of call drops','2017-05-21','2017-06-06','Closed','Service',238),(50237,'Recharge amount hasn\'t been updated','2017-02-08','2017-06-15','Closed','Service',111),(50238,'Getting a lot of unwanted calls','2017-09-04','2017-11-18','Closed','Service',10),(50239,'Receiving a lot of spam messages','2017-11-17','2017-12-06','Closed','Service',3),(50240,'Getting a lot of unwanted calls','2017-05-27','2017-10-07','Closed','Service',163),(50241,'Mobile Data not working','2017-09-07',NULL,'Open','Service',75),(50242,'Data speed is too low','2017-11-25',NULL,'Open','Service',61),(50243,'Recharge amount hasn\'t been updated','2017-07-18',NULL,'Open','Service',121),(50244,'Getting a lot of unwanted calls','2017-11-13','2017-11-28','Closed','Service',187),(50245,'Data speed is too low','2017-10-07',NULL,'Open','Service',150),(50246,'Data speed is too low','2017-03-12','2017-10-15','Closed','Service',157),(50247,'Data speed is too low','2017-09-13','2017-09-23','Closed','Service',11),(50248,'Recharge amount hasn\'t been updated','2017-11-21',NULL,'Open','Service',37),(50249,'Messages aren\'t getting users','2017-01-05',NULL,'Open','Service',117),(50250,'Data speed is too low at indoors','2017-10-11','2017-12-28','Closed','Service',228),(50251,'Mobile Data not working','2017-12-06',NULL,'Open','Service',216),(50252,'Cannot connect to Customer Care','2017-09-06','2017-12-18','Closed','Service',130),(50253,'Cannot connect to Customer Care','2017-12-23',NULL,'Open','Service',48),(50254,'Receiving a lot of spam messages','2017-03-15','2017-04-03','Closed','Service',51),(50255,'Recharge amount hasn\'t been updated','2017-08-10','2017-09-13','Closed','Service',154),(50256,'CSA was very bad in service','2017-12-27','2018-01-02','Closed','Service',32),(50257,'Getting a lot of unwanted calls','2017-09-09',NULL,'Open','Service',186),(50258,'Cannot connect to Customer Care','2017-06-27','2018-01-09','Closed','Service',239),(50259,'Recharge amount hasn\'t been updated','2017-01-15','2017-05-27','Closed','Service',125),(50260,'Getting a lot of call drops','2017-09-23','2017-09-25','Closed','Service',186),(50261,'Data speed is too low at indoors','2017-11-13','2017-12-16','Closed','Service',216),(50262,'Recharge amount hasn\'t been updated','2017-09-30',NULL,'Open','Service',90),(50263,'Mobile Data not working','2017-10-02',NULL,'Open','Service',59),(50264,'Calls aren\'t getting connected','2017-08-21','2017-09-24','Closed','Service',173),(50265,'Calls aren\'t getting connected','2017-02-16',NULL,'Open','Service',80),(50266,'Recharge amount hasn\'t been updated','2017-02-01',NULL,'Open','Service',55),(50267,'Data speed is too low at indoors','2017-10-17','2017-11-03','Closed','Service',129),(50268,'Cannot connect to Customer Care','2017-07-27',NULL,'Open','Service',36),(50269,'Data speed is too low','2017-08-29',NULL,'Open','Service',123),(50270,'Receiving a lot of spam messages','2017-07-04','2017-09-13','Closed','Service',145),(50271,'Calls aren\'t getting connected','2017-03-29',NULL,'Open','Service',59),(50272,'Cannot connect to Customer Care','2017-06-29','2017-07-22','Closed','Service',37),(50273,'Recharge amount hasn\'t been updated','2017-08-02','2017-10-07','Closed','Service',232),(50274,'Cannot connect to Customer Care','2017-06-13','2017-07-04','Closed','Service',203),(50275,'Data speed is too low at indoors','2017-01-09',NULL,'Open','Service',141),(50276,'Data speed is too low at indoors','2017-11-03',NULL,'Open','Service',108),(50277,'Calls aren\'t getting connected','2017-04-04',NULL,'Open','Service',78),(50278,'Data speed is too low','2017-05-19',NULL,'Open','Service',108),(50279,'Getting a lot of call drops','2017-06-03',NULL,'Open','Service',76),(50280,'Messages aren\'t getting users','2017-06-12','2017-10-04','Closed','Service',229),(50281,'Messages aren\'t getting users','2017-06-30','2017-08-14','Closed','Service',204),(50282,'Data speed is too low at indoors','2017-07-20','2017-11-29','Closed','Service',229),(50283,'Receiving a lot of spam messages','2017-06-18','2017-07-01','Closed','Service',203),(50284,'Calls aren\'t getting connected','2017-09-01','2017-10-18','Closed','Service',13),(50285,'Recharge amount hasn\'t been updated','2017-06-07','2017-08-28','Closed','Service',70),(50286,'Getting a lot of cross talks','2017-01-26','2017-03-27','Closed','Service',61),(50287,'Receiving a lot of spam messages','2017-05-15',NULL,'Open','Service',221),(50288,'Recharge amount hasn\'t been updated','2017-11-08',NULL,'Open','Service',132),(50289,'Data speed is too low at indoors','2017-06-12',NULL,'Open','Service',108),(50290,'Recharge amount hasn\'t been updated','2017-09-27','2017-10-12','Closed','Service',120),(50291,'Calls aren\'t getting connected','2017-06-24','2017-06-25','Closed','Service',166),(50292,'Recharge amount hasn\'t been updated','2017-07-16','2018-01-31','Closed','Service',180),(50293,'Cannot connect to Customer Care','2017-03-10',NULL,'Open','Service',107),(50294,'Data speed is too low','2017-07-29',NULL,'Open','Service',94),(50295,'Calls aren\'t getting connected','2017-12-27',NULL,'Open','Service',132),(50296,'Messages aren\'t getting users','2017-02-12','2017-09-01','Closed','Service',142),(50297,'Calls aren\'t getting connected','2017-09-23','2017-12-08','Closed','Service',207),(50298,'Recharge amount hasn\'t been updated','2017-11-07',NULL,'Open','Service',221),(50299,'Data speed is too low at indoors','2017-11-08',NULL,'Open','Service',144),(50300,'Messages aren\'t getting users','2017-08-27',NULL,'Open','Service',68),(50301,'Calls aren\'t getting connected','2017-04-20','2017-04-27','Closed','Service',96),(50302,'Getting a lot of unwanted calls','2017-05-20',NULL,'Open','Service',134),(50303,'Getting a lot of call drops','2017-04-21','2017-10-15','Closed','Service',30),(50304,'CSA was very bad in service','2017-04-20','2017-05-15','Closed','Service',97),(50305,'Data speed is too low','2017-11-09','2017-12-02','Closed','Service',42),(50306,'Mobile Data not working','2017-06-01',NULL,'Open','Service',122),(50307,'Messages aren\'t getting users','2017-03-08','2017-04-23','Closed','Service',143),(50308,'Data speed is too low at indoors','2017-05-18','2017-10-17','Closed','Service',231),(50309,'Getting a lot of cross talks','2017-12-02','2017-12-25','Closed','Service',136),(50310,'Data speed is too low','2017-06-25',NULL,'Open','Service',191),(50311,'Getting a lot of call drops','2017-06-08','2017-07-16','Closed','Service',28),(50312,'Getting a lot of call drops','2017-11-26','2017-12-18','Closed','Service',90),(50313,'CSA was very bad in service','2017-11-17',NULL,'Open','Service',31),(50314,'Messages aren\'t getting users','2017-08-15','2017-09-29','Closed','Service',56),(50315,'Data speed is too low at indoors','2017-10-27','2017-12-17','Closed','Service',250),(50316,'Cannot connect to Customer Care','2017-12-29',NULL,'Open','Service',125),(50317,'Calls aren\'t getting connected','2017-11-02','2017-12-05','Closed','Service',105),(50318,'Receiving a lot of spam messages','2017-03-27','2017-10-30','Closed','Service',220),(50319,'Messages aren\'t getting users','2017-08-14','2017-10-22','Closed','Service',78),(50320,'Messages aren\'t getting users','2017-06-22',NULL,'Open','Service',109),(50321,'Recharge amount hasn\'t been updated','2017-08-02',NULL,'Open','Service',130),(50322,'Getting a lot of unwanted calls','2017-06-01',NULL,'Open','Service',213),(50323,'Recharge amount hasn\'t been updated','2017-06-28',NULL,'Open','Service',249),(50324,'Cannot connect to Customer Care','2017-07-08',NULL,'Open','Service',61),(50325,'Data speed is too low at indoors','2017-05-07','2017-05-20','Closed','Service',92),(50326,'Cannot connect to Customer Care','2017-02-11','2017-06-02','Closed','Service',4),(50327,'Cannot connect to Customer Care','2017-01-01','2017-10-21','Closed','Service',226),(50328,'Receiving a lot of spam messages','2017-11-22','2017-11-24','Closed','Service',162),(50329,'Cannot connect to Customer Care','2017-05-17','2017-11-07','Closed','Service',212),(50330,'Calls aren\'t getting connected','2017-02-06','2017-09-04','Closed','Service',35),(50331,'Getting a lot of call drops','2017-09-15','2017-11-04','Closed','Service',3),(50332,'Recharge amount hasn\'t been updated','2017-08-14','2017-09-30','Closed','Service',8),(50333,'Getting a lot of unwanted calls','2017-04-28','2017-06-08','Closed','Service',220),(50334,'Getting a lot of unwanted calls','2017-09-17','2017-09-20','Closed','Service',225),(50335,'CSA was very bad in service','2017-04-23','2017-04-29','Closed','Service',132),(50336,'Messages aren\'t getting users','2017-05-15','2017-08-28','Closed','Service',198),(50337,'Getting a lot of unwanted calls','2017-07-13','2017-09-15','Closed','Service',120),(50338,'Recharge amount hasn\'t been updated','2017-11-07','2017-11-08','Closed','Service',83),(50339,'Recharge amount hasn\'t been updated','2017-09-20','2017-10-01','Closed','Service',224),(50340,'CSA was very bad in service','2017-03-24','2017-12-08','Closed','Service',111),(50341,'Messages aren\'t getting users','2017-10-28','2017-12-12','Closed','Service',108),(50342,'Data speed is too low at indoors','2017-05-29','2017-08-13','Closed','Service',23),(50343,'Mobile Data not working','2017-08-07',NULL,'Open','Service',43),(50344,'Getting a lot of cross talks','2017-11-26',NULL,'Open','Service',91),(50345,'Mobile Data not working','2017-06-04',NULL,'Open','Service',185),(50346,'Calls aren\'t getting connected','2017-02-02',NULL,'Open','Service',245),(50347,'Messages aren\'t getting users','2017-04-11','2017-10-15','Closed','Service',218),(50348,'Data speed is too low','2017-03-05',NULL,'Open','Service',231),(50349,'Receiving a lot of spam messages','2017-01-31',NULL,'Open','Service',77),(50350,'Getting a lot of call drops','2017-06-14','2017-08-04','Closed','Service',36),(50351,'Getting a lot of cross talks','2017-05-29',NULL,'Open','Service',164),(50352,'Cannot connect to Customer Care','2017-10-14',NULL,'Open','Service',184),(50353,'Data speed is too low at indoors','2017-09-10','2017-12-16','Closed','Service',142),(50354,'Getting a lot of unwanted calls','2017-09-26',NULL,'Open','Service',38),(50355,'Recharge amount hasn\'t been updated','2017-06-18','2017-10-11','Closed','Service',45),(50356,'Getting a lot of cross talks','2017-05-11','2017-08-09','Closed','Service',61),(50357,'Recharge amount hasn\'t been updated','2017-09-04',NULL,'Open','Service',210),(50358,'Cannot connect to Customer Care','2017-12-01','2018-01-12','Closed','Service',138),(50359,'Data speed is too low','2017-05-24','2017-06-05','Closed','Service',169),(50360,'Recharge amount hasn\'t been updated','2017-07-03',NULL,'Open','Service',120),(50361,'Recharge amount hasn\'t been updated','2017-07-26',NULL,'Open','Service',231),(50362,'Getting a lot of call drops','2018-01-01','2018-01-04','Closed','Service',81),(50363,'Recharge amount hasn\'t been updated','2017-05-30',NULL,'Open','Service',178),(50364,'Recharge amount hasn\'t been updated','2017-01-13',NULL,'Open','Service',235),(50365,'Receiving a lot of spam messages','2017-08-11',NULL,'Open','Service',38),(50366,'Messages aren\'t getting users','2017-04-24',NULL,'Open','Service',243),(50367,'Receiving a lot of spam messages','2017-02-12','2017-12-13','Closed','Service',148),(50368,'Data speed is too low at indoors','2017-05-29','2018-01-23','Closed','Service',164),(50369,'Getting a lot of call drops','2017-03-27','2017-10-12','Closed','Service',9),(50370,'Calls aren\'t getting connected','2017-05-30','2017-06-29','Closed','Service',150),(50371,'Data speed is too low at indoors','2017-02-15','2017-06-05','Closed','Service',170),(50372,'Recharge amount hasn\'t been updated','2017-12-25',NULL,'Open','Service',52),(50373,'Mobile Data not working','2017-07-08',NULL,'Open','Service',22),(50374,'Messages aren\'t getting users','2017-02-06',NULL,'Open','Service',108),(50375,'Receiving a lot of spam messages','2017-10-14','2017-12-21','Closed','Service',135),(50376,'Mobile Data not working','2017-08-10',NULL,'Open','Service',138),(50377,'Getting a lot of call drops','2017-07-27',NULL,'Open','Service',159),(50378,'CSA was very bad in service','2017-06-04','2017-10-28','Closed','Service',158),(50379,'Getting a lot of unwanted calls','2017-06-26','2017-06-28','Closed','Service',210),(50380,'Receiving a lot of spam messages','2017-01-23','2017-10-23','Closed','Service',53),(50381,'Data speed is too low','2017-05-27',NULL,'Open','Service',64),(50382,'Data speed is too low','2017-03-14',NULL,'Open','Service',10),(50383,'Getting a lot of unwanted calls','2017-09-13',NULL,'Open','Service',34),(50384,'Messages aren\'t getting users','2017-09-24',NULL,'Open','Service',106),(50385,'Messages aren\'t getting users','2017-02-28',NULL,'Open','Service',50),(50386,'Calls aren\'t getting connected','2017-09-14','2017-10-12','Closed','Service',70),(50387,'Calls aren\'t getting connected','2017-06-04','2017-07-06','Closed','Service',95),(50388,'Getting a lot of unwanted calls','2017-09-22','2017-12-22','Closed','Service',47),(50389,'Receiving a lot of spam messages','2017-01-19','2017-08-05','Closed','Service',234),(50390,'Getting a lot of cross talks','2017-07-13','2017-09-26','Closed','Service',202),(50391,'CSA was very bad in service','2017-07-03','2017-09-11','Closed','Service',33),(50392,'Messages aren\'t getting users','2017-07-11','2017-09-11','Closed','Service',51),(50393,'Getting a lot of unwanted calls','2017-02-24',NULL,'Open','Service',247),(50394,'Data speed is too low','2017-11-15',NULL,'Open','Service',206),(50395,'Getting a lot of unwanted calls','2017-11-30','2017-12-14','Closed','Service',27),(50396,'Receiving a lot of spam messages','2017-10-09','2017-12-31','Closed','Service',99),(50397,'Getting a lot of cross talks','2017-11-21',NULL,'Open','Service',123),(50398,'Recharge amount hasn\'t been updated','2017-03-27','2017-05-24','Closed','Service',120),(50399,'Data speed is too low at indoors','2017-02-01','2017-12-14','Closed','Service',161),(50400,'Recharge amount hasn\'t been updated','2017-06-25','2018-09-20','Closed','Service',21),(50401,'CSA was very bad in service','2017-02-02','2017-03-08','Closed','Service',125),(50402,'Calls aren\'t getting connected','2017-12-16',NULL,'Open','Service',109),(50403,'Getting a lot of call drops','2017-01-14','2017-09-06','Closed','Service',179),(50404,'Data speed is too low','2017-04-03','2017-07-17','Closed','Service',182),(50405,'CSA was very bad in service','2017-04-17','2017-05-01','Closed','Service',45),(50406,'Data speed is too low','2017-11-22','2017-11-26','Closed','Service',109),(50407,'Cannot connect to Customer Care','2017-12-15','2017-12-23','Closed','Service',14),(50408,'Mobile Data not working','2017-09-27',NULL,'Open','Service',236),(50409,'Data speed is too low','2017-03-03',NULL,'Open','Service',235),(50410,'Mobile Data not working','2017-08-08',NULL,'Open','Service',126),(50411,'Cannot connect to Customer Care','2017-08-18','2017-09-25','Closed','Service',217),(50412,'Mobile Data not working','2017-10-30','2017-11-15','Closed','Service',145),(50413,'Recharge amount hasn\'t been updated','2017-10-29','2017-12-04','Closed','Service',71),(50414,'Mobile Data not working','2017-03-30','2017-06-12','Closed','Service',53),(50415,'Getting a lot of cross talks','2017-06-15','2017-08-24','Closed','Service',30),(50416,'Messages aren\'t getting users','2017-11-23',NULL,'Open','Service',106),(50417,'Recharge amount hasn\'t been updated','2017-12-06',NULL,'Open','Service',182),(50418,'Getting a lot of cross talks','2017-09-19',NULL,'Open','Service',86),(50419,'Cannot connect to Customer Care','2017-02-15',NULL,'Open','Service',7),(50420,'Getting a lot of cross talks','2017-03-14','2017-03-14','Closed','Service',155),(50421,'Data speed is too low at indoors','2017-01-20','2017-09-04','Closed','Service',82),(50422,'Messages aren\'t getting users','2017-08-02','2017-09-20','Closed','Service',245),(50423,'Cannot connect to Customer Care','2017-02-16','2017-12-07','Closed','Service',154),(50424,'Getting a lot of cross talks','2017-12-13','2017-12-17','Closed','Service',232),(50425,'CSA was very bad in service','2017-12-25','2018-01-01','Closed','Service',50),(50426,'Cannot connect to Customer Care','2017-10-23','2017-11-07','Closed','Service',213),(50427,'Getting a lot of unwanted calls','2017-09-30','2017-12-03','Closed','Service',70),(50428,'Recharge amount hasn\'t been updated','2017-02-27','2017-06-14','Closed','Service',235),(50429,'Getting a lot of unwanted calls','2017-01-19','2017-02-12','Closed','Service',170),(50430,'Data speed is too low','2017-11-25','2017-12-31','Closed','Service',173),(50431,'Getting a lot of call drops','2017-12-13','2017-12-18','Closed','Service',128),(50432,'Getting a lot of cross talks','2017-08-09','2017-08-15','Closed','Service',225),(50433,'Data speed is too low at indoors','2017-01-21','2017-12-01','Closed','Service',33),(50434,'Receiving a lot of spam messages','2017-11-27','2017-12-09','Closed','Service',67),(50435,'Data speed is too low','2017-12-02','2017-12-11','Closed','Service',46),(50436,'Cannot connect to Customer Care','2017-10-18','2017-12-15','Closed','Service',224),(50437,'Mobile Data not working','2017-12-29','2018-01-03','Closed','Service',46),(50438,'CSA was very bad in service','2017-04-08','2017-07-31','Closed','Service',246),(50439,'Mobile Data not working','2017-08-12',NULL,'Open','Service',5),(50440,'Data speed is too low at indoors','2017-02-23',NULL,'Open','Service',237),(50441,'Messages aren\'t getting users','2017-06-23','2017-07-22','Closed','Service',137),(50442,'Receiving a lot of spam messages','2017-08-28','2017-09-27','Closed','Service',222),(50443,'Getting a lot of unwanted calls','2017-12-13','2017-12-16','Closed','Service',44),(50444,'Recharge amount hasn\'t been updated','2017-10-09',NULL,'Open','Service',1),(50445,'Getting a lot of call drops','2017-05-26',NULL,'Open','Service',133),(50446,'Cannot connect to Customer Care','2017-04-24',NULL,'Open','Service',94),(50447,'Getting a lot of cross talks','2017-06-10','2018-11-04','Closed','Service',3),(50448,'Getting a lot of call drops','2017-11-26','2017-12-15','Closed','Service',247),(50449,'Getting a lot of cross talks','2017-03-07',NULL,'Open','Service',224),(50450,'Data speed is too low at indoors','2017-12-11',NULL,'Open','Service',236),(50451,'Messages aren\'t getting users','2017-10-29',NULL,'Open','Service',162),(50452,'Getting a lot of cross talks','2017-02-12','2017-07-29','Closed','Service',229),(50453,'CSA was very bad in service','2017-06-24','2017-09-04','Closed','Service',240),(50454,'Calls aren\'t getting connected','2017-10-01',NULL,'Open','Service',145),(50455,'Data speed is too low','2017-07-27',NULL,'Open','Service',50),(50456,'Getting a lot of call drops','2017-01-24',NULL,'Open','Service',141),(50457,'Recharge amount hasn\'t been updated','2017-07-18',NULL,'Open','Service',15),(50458,'Messages aren\'t getting users','2017-07-03',NULL,'Open','Service',182),(50459,'Messages aren\'t getting users','2017-01-02','2017-04-30','Closed','Service',19),(50460,'CSA was very bad in service','2017-04-24',NULL,'Open','Service',222),(50461,'Getting a lot of unwanted calls','2017-10-17','2017-12-10','Closed','Service',189),(50462,'Mobile Data not working','2017-12-14','2017-12-21','Closed','Service',103),(50463,'Recharge amount hasn\'t been updated','2017-01-11','2017-06-04','Closed','Service',250),(50464,'Mobile Data not working','2017-03-06','2017-08-03','Closed','Service',42),(50465,'Cannot connect to Customer Care','2017-04-12','2017-06-17','Closed','Service',164),(50466,'CSA was very bad in service','2017-03-09','2017-11-17','Closed','Service',40),(50467,'Getting a lot of cross talks','2017-04-26',NULL,'Open','Service',132),(50468,'Recharge amount hasn\'t been updated','2017-08-05',NULL,'Open','Service',143),(50469,'Mobile Data not working','2017-05-11',NULL,'Open','Service',127),(50470,'Recharge amount hasn\'t been updated','2017-03-27','2017-04-22','Closed','Service',96),(50471,'Messages aren\'t getting users','2017-06-30','2017-12-14','Closed','Service',4),(50472,'Mobile Data not working','2017-07-23','2017-09-15','Closed','Service',86),(50473,'Cannot connect to Customer Care','2017-01-19','2018-01-23','Closed','Service',224),(50474,'Messages aren\'t getting users','2017-11-03','2017-12-11','Closed','Service',218),(50475,'Data speed is too low','2017-06-08','2017-06-23','Closed','Service',246),(50476,'Calls aren\'t getting connected','2017-08-04','2017-08-04','Closed','Service',203),(50477,'Cannot connect to Customer Care','2017-08-06','2017-08-09','Closed','Service',139),(50478,'Recharge amount hasn\'t been updated','2017-07-27','2017-09-10','Closed','Service',76),(50479,'Data speed is too low','2017-11-21','2017-12-04','Closed','Service',22),(50480,'Data speed is too low at indoors','2017-08-23','2018-01-06','Closed','Service',112),(50481,'Data speed is too low at indoors','2017-01-24','2017-03-01','Closed','Service',156),(50482,'Getting a lot of call drops','2017-03-07',NULL,'Open','Service',210),(50483,'Messages aren\'t getting users','2017-06-06',NULL,'Open','Service',219),(50484,'Data speed is too low at indoors','2017-06-28',NULL,'Open','Service',71),(50485,'Getting a lot of call drops','2017-11-28',NULL,'Open','Service',250),(50486,'Getting a lot of call drops','2017-09-10',NULL,'Open','Service',47),(50487,'Calls aren\'t getting connected','2017-02-19','2017-12-20','Closed','Service',7),(50488,'Getting a lot of call drops','2017-09-27',NULL,'Open','Service',178),(50489,'Getting a lot of cross talks','2017-12-22',NULL,'Open','Service',78),(50490,'Cannot connect to Customer Care','2017-09-01',NULL,'Open','Service',98),(50491,'Mobile Data not working','2017-02-21','2017-12-28','Closed','Service',222),(50492,'Getting a lot of unwanted calls','2017-06-15','2017-08-03','Closed','Service',213),(50493,'Data speed is too low at indoors','2017-10-11','2017-12-11','Closed','Service',205),(50494,'Messages aren\'t getting users','2017-05-26','2017-08-08','Closed','Service',152),(50495,'Data speed is too low at indoors','2017-11-06','2017-12-06','Closed','Service',3),(50496,'Getting a lot of cross talks','2017-08-14','2017-09-30','Closed','Service',87),(50497,'Calls aren\'t getting connected','2017-12-23','2018-01-25','Closed','Service',79),(50498,'Messages aren\'t getting users','2017-01-17',NULL,'Open','Service',163),(50499,'Messages aren\'t getting users','2017-03-29',NULL,'Open','Service',98),(50500,'Getting a lot of unwanted calls','2017-09-14','2017-10-18','Closed','Service',92);
/*!40000 ALTER TABLE `tickets` ENABLE KEYS */;
UNLOCK TABLES;

--
-- Table structure for table `user`
--

DROP TABLE IF EXISTS `user`;
/*!40101 SET @saved_cs_client     = @@character_set_client */;
/*!40101 SET character_set_client = utf8 */;
CREATE TABLE `user` (
  `user_id` bigint(20) NOT NULL AUTO_INCREMENT,
  `activation_month` varchar(255) DEFAULT NULL,
  `gender` varchar(255) DEFAULT NULL,
  `user_adhar_id` varchar(12) DEFAULT NULL,
  `user_email_id` varchar(255) DEFAULT NULL,
  `user_fname` varchar(255) DEFAULT NULL,
  `user_lname` varchar(255) DEFAULT NULL,
  `user_mobile_number` varchar(255) DEFAULT NULL,
  `user_primary_lang` varchar(255) DEFAULT NULL,
  PRIMARY KEY (`user_id`)
) ENGINE=MyISAM AUTO_INCREMENT=1001 DEFAULT CHARSET=utf8;
/*!40101 SET character_set_client = @saved_cs_client */;

--
-- Dumping data for table `user`
--

LOCK TABLES `user` WRITE;
/*!40000 ALTER TABLE `user` DISABLE KEYS */;
INSERT INTO `user` VALUES (1,'February','Others','998299382367','amet.luctus@Nuncuterat.net','Damian','Odonnell','2200 70295','Bhojpuri\r'),(2,'December','Others','048321439591','a.mi.fringilla@felispurusac.net','Thane','Duke','7688 57276','Tamil\r'),(3,'August','Male','216018580167','pretium@aenimSuspendisse.edu','Raven','Burks','5785 37216','Punjabi\r'),(4,'September','Others','458741198128','nisi.sem.semper@lacus.com','Brandon','Kaufman','6293 39166','Punjabi\r'),(5,'April','Others','177259082519','ut@ategestas.net','Brady','Stuart','6725 02944','Marathi\r'),(6,'September','Others','019877269954','erat.Sed@dolorQuisquetincidunt.co.uk','Lamar','Calderon','8798 54806','Bhojpuri\r'),(7,'July','Female','468969898103','non.bibendum.sed@purus.edu','Vladimir','Sellers','1272 48900','English\r'),(8,'April','Male','392359639630','elit.pretium.et@commodoatlibero.org','Fulton','Jennings','3192 11157','Bengali\r'),(9,'September','Others','803217577376','Mauris.vestibulum.neque@liberonecligula.com','Fredericka','Washington','2273 51737','Hindi\r'),(10,'May','Male','237496127398','vestibulum.massa@at.net','Xander','Ortega','3391 04974','Bengali\r'),(11,'October','Female','954665860372','mi@varius.org','September','Mcbride','3183 10611','Malayalam\r'),(12,'March','Others','531179428844','Cum.sociis@Sedidrisus.net','Shad','Schwartz','6620 59118','Marathi\r'),(13,'January','Male','166312507100','arcu.Vestibulum@tellusnonmagna.edu','Reed','Mcpherson','9721 32246','Marathi\r'),(14,'November','Others','862980058526','tempus@congue.ca','Rae','Gonzalez','9198 24049','Marathi\r'),(15,'August','Female','008206703061','Suspendisse@tempusmauris.edu','Quail','Hoover','6368 18559','Punjabi\r'),(16,'April','Male','685086170780','Nullam.vitae.diam@parturientmontes.edu','Isadora','Norton','9826 02730','English\r'),(17,'May','Male','837147399270','nunc.ullamcorper.eu@famesac.net','Gareth','Williams','0017 66540','Punjabi\r'),(18,'October','Others','953936999151','porttitor.scelerisque.neque@Sedegetlacus.com','Yael','Hart','6738 53202','Tamil\r'),(19,'November','Others','649031114964','amet.diam@in.co.uk','Tasha','Duncan','6821 65390','Maghi\r'),(20,'April','Male','153608510914','Curabitur.vel.lectus@actellus.ca','Jolie','Mcknight','8709 37364','Bengali\r'),(21,'September','Others','260932090490','aliquet@pedeNuncsed.com','Rogan','Nielsen','4421 18645','Bengali\r'),(22,'December','Male','059219237522','erat@lacusNulla.ca','Aladdin','Garrison','6789 32172','Bengali\r'),(23,'February','Female','672762856991','vel.convallis.in@orcilacusvestibulum.edu','Aladdin','Graham','7764 99629','Bengali\r'),(24,'January','Female','883860966420','mi@metuseu.net','Lacota','Pace','5761 40517','Malayalam\r'),(25,'May','Female','346811211157','fames.ac.turpis@egetmetus.edu','Quyn','Bright','8220 20016','Marathi\r'),(26,'April','Female','281626438879','at.auctor@Naminterdum.edu','Germaine','Mccall','0845 31467','Bhojpuri\r'),(27,'July','Female','728092892789','ante.bibendum.ullamcorper@Maurisutquam.ca','Edward','Stark','6188 72593','Maghi\r'),(28,'April','Male','827167168981','ullamcorper@fermentum.ca','Yoko','Morton','3858 78489','Kannada\r'),(29,'November','Female','362317589341','malesuada.malesuada@Aliquamnec.edu','Ali','Fowler','7981 70336','Marathi\r'),(30,'February','Others','706736169992','lacinia.Sed@cursus.edu','Tiger','Morris','8278 92649','Marathi\r'),(31,'July','Others','987148942891','fringilla.mi@convallis.ca','Paul','Maddox','7889 66140','Kannada\r'),(32,'March','Others','395920810654','id.magna.et@ridiculusmus.org','Axel','Ayers','7129 31720','Kannada\r'),(33,'January','Male','172140057126','lectus.justo.eu@mifringillami.co.uk','Alexandra','Cline','6594 95788','Hindi\r'),(34,'July','Female','847681612735','nibh.lacinia@velitSed.net','Hanae','Craft','8194 05664','Marathi\r'),(35,'June','Male','656974841345','sed@venenatis.ca','Wayne','Richmond','8745 43773','Hindi\r'),(36,'October','Male','153528432529','ut.erat@Pellentesquehabitant.ca','Basil','Mccormick','0534 51640','Tamil\r'),(37,'December','Others','460920603308','feugiat@Crasvehiculaaliquet.com','Reuben','Maynard','9158 41368','Hindi\r'),(38,'January','Male','504705724910','ac.mi@eratEtiamvestibulum.co.uk','Nehru','Bowers','7191 05328','Marathi\r'),(39,'January','Female','373261696660','dui.lectus.rutrum@odio.net','Evan','Cooper','2319 62383','Malayalam\r'),(40,'September','Male','767220579675','Donec@mus.edu','Hall','Davenport','6505 93698','Maghi\r'),(41,'January','Female','824751182621','dui.Fusce@faucibusorci.co.uk','Janna','Dunlap','5729 26425','Kannada\r'),(42,'September','Male','848652234140','auctor@massa.ca','Oren','Conway','0683 85813','Bengali\r'),(43,'October','Others','433909536338','Quisque.ac.libero@egetdictum.net','Grace','Bishop','2867 54910','Maghi\r'),(44,'August','Female','948439277277','Fusce.fermentum@rutrumjusto.ca','Stacey','Compton','0180 57068','Tamil\r'),(45,'April','Female','390047698007','tempor@duiFuscealiquam.ca','Kaseem','Hood','1177 42090','Malayalam\r'),(46,'March','Female','201244619537','at.lacus@euismodindolor.net','Baker','Hale','8729 37055','Malayalam\r'),(47,'October','Male','469563044134','eu.dolor.egestas@imperdietullamcorper.ca','Thor','Glenn','3565 12519','Punjabi\r'),(48,'July','Female','945984724694','quis@per.edu','Timothy','Watts','6201 48487','Marathi\r'),(49,'May','Others','861850177716','interdum.Sed@egestas.co.uk','Courtney','Irwin','4175 38571','Bengali\r'),(50,'November','Male','742178943409','nunc@massa.ca','Igor','Lucas','6409 44159','English\r'),(51,'March','Female','835550434893','est.mollis.non@egestasligulaNullam.co.uk','Jerome','Donaldson','0118 10965','Bhojpuri\r'),(52,'December','Female','964648339442','odio.semper.cursus@Inlorem.edu','Lesley','Adkins','1288 59595','Hindi\r'),(53,'December','Female','212796903368','Praesent@atpretiumaliquet.ca','Ursa','Robinson','5889 17981','Tamil\r'),(54,'July','Male','827288454204','Quisque.imperdiet@liberoettristique.ca','Summer','Mcpherson','1817 82716','Kannada\r'),(55,'March','Female','655777099887','montes.nascetur.ridiculus@risusDonecegestas.co.uk','Micah','Alford','8524 13985','Malayalam\r'),(56,'October','Others','814197654335','pellentesque@SuspendissesagittisNullam.ca','Hilel','Burris','4168 73868','Punjabi\r'),(57,'August','Male','531217367400','sociis.natoque.penatibus@diamDuis.ca','Avram','Martinez','7556 60559','Malayalam\r'),(58,'November','Female','916851102620','enim.Sed@eunequepellentesque.edu','Malachi','Barron','3495 26819','Marathi\r'),(59,'November','Male','830153524124','rhoncus.Donec@interdum.edu','Cyrus','Herman','5090 68592','Bengali\r'),(60,'January','Others','513017325130','odio.vel@Utsemper.net','Hyatt','Atkins','9128 47629','Kannada\r'),(61,'November','Female','082340144771','sollicitudin@tincidunt.co.uk','Darius','Mayer','8911 04778','Punjabi\r'),(62,'April','Others','229104290710','ipsum.cursus.vestibulum@sagittis.edu','Buffy','Bryan','4010 81811','Maghi\r'),(63,'April','Male','562924328958','adipiscing.Mauris.molestie@rhoncus.org','Allen','Pollard','5741 20389','Bengali\r'),(64,'September','Others','841671252126','vitae.sodales.nisi@Utnecurna.co.uk','Alice','Summers','1028 85042','Hindi\r'),(65,'January','Female','914165181760','Aliquam.gravida@nunc.co.uk','Clayton','Gonzalez','5126 95510','English\r'),(66,'April','Female','980932290315','pellentesque.massa.lobortis@nibhsit.net','Naomi','Love','2064 11136','Malayalam\r'),(67,'October','Female','621562100398','luctus@egestas.com','Maya','Owens','6016 55599','Punjabi\r'),(68,'August','Female','980399768807','Mauris.vestibulum.neque@quisdiam.edu','Quail','Mejia','9663 96267','Bengali\r'),(69,'August','Others','760315513192','sit.amet@dolor.org','Elvis','Potts','5203 32571','Punjabi\r'),(70,'March','Male','592037564867','at@Curabitursed.edu','Reuben','Mcintyre','0789 38869','Tamil\r'),(71,'July','Female','029725816331','In@Aenean.co.uk','Lael','Valdez','8123 56559','Tamil\r'),(72,'May','Female','564801368314','Donec.vitae.erat@sedturpis.net','Brody','Solomon','4653 43114','Punjabi\r'),(73,'May','Male','181820114139','dignissim.magna.a@odio.org','Russell','Horn','1359 40363','Kannada\r'),(74,'June','Others','729097323216','augue@afelisullamcorper.edu','Ingrid','Hebert','0505 17054','Bhojpuri\r'),(75,'April','Others','318287838965','iaculis.aliquet.diam@lectus.net','Sade','Pennington','4297 71529','Kannada\r'),(76,'November','Female','900285888658','arcu@egestas.net','Lysandra','Garrison','3346 65987','English\r'),(77,'May','Others','008145226572','ligula.Aenean@egestas.com','Mariko','Tanner','2536 44277','Marathi\r'),(78,'October','Male','034857080928','risus.In@diam.org','Erin','Fisher','5015 61566','Maghi\r'),(79,'February','Others','085151239577','ornare.elit.elit@congueaaliquet.com','Rashad','Holland','7214 39326','Punjabi\r'),(80,'February','Male','866933742733','rhoncus@tellus.ca','Stephanie','Frank','0096 29630','Kannada\r'),(81,'January','Female','666144918786','mollis@semperegestasurna.edu','Germane','Compton','1062 67451','Malayalam\r'),(82,'January','Female','010583749954','vel@Uttinciduntvehicula.com','Steel','Lynch','9412 04836','Bhojpuri\r'),(83,'February','Others','475068715645','justo.Praesent.luctus@sit.edu','Damian','Bryant','0132 42005','Maghi\r'),(84,'February','Others','590720900514','ut@ultrices.edu','Linda','Mullen','7899 63021','Punjabi\r'),(85,'July','Others','712727353911','ipsum.dolor.sit@Aeneanmassa.net','Helen','Ward','2168 06290','Kannada\r'),(86,'September','Others','909486363275','Donec.elementum@arcu.co.uk','Dieter','Sandoval','2917 72657','English\r'),(87,'October','Others','502599537187','dis.parturient@nisiAenean.ca','Xanthus','Gibbs','6112 14114','Tamil\r'),(88,'November','Others','057945656305','malesuada@nuncinterdum.net','Hamish','Estes','8351 09673','Bengali\r'),(89,'February','Female','940793674879','euismod@eutellus.edu','Colette','Nash','7640 11343','Malayalam\r'),(90,'December','Male','874987333555','ipsum.nunc@Nuncsedorci.co.uk','Keegan','Larsen','4809 08066','Punjabi\r'),(91,'April','Female','503067591517','Vivamus.euismod@Namconsequatdolor.ca','Stella','Mccormick','1618 23732','English\r'),(92,'October','Male','425335598273','In.scelerisque.scelerisque@nibhsit.net','Solomon','Roman','9771 24058','English\r'),(93,'September','Male','796410553532','ac@molestiearcuSed.com','Alice','Snyder','8852 32043','Kannada\r'),(94,'December','Female','574106285080','urna@etmagnis.edu','Isabelle','Kinney','9081 40053','Bengali\r'),(95,'July','Male','401281814769','Suspendisse.sed.dolor@ac.org','Ezekiel','Roach','0981 29945','Bengali\r'),(96,'September','Female','172365556442','morbi@ultricesmaurisipsum.org','Lana','Ewing','9856 35131','Marathi\r'),(97,'June','Female','176500223583','Nunc.pulvinar.arcu@fringillaporttitor.edu','Cole','Wagner','1676 00325','Bengali\r'),(98,'November','Others','340627940998','tristique@ametrisusDonec.net','Abdul','Berger','0538 78339','English\r'),(99,'February','Male','064934213557','at.sem@laoreetlectusquis.ca','Tate','Edwards','4627 29006','Kannada\r'),(100,'December','Male','730263954845','massa.non.ante@a.ca','Blaine','Becker','5732 28687','Tamil\r'),(101,'March','Others','295637386004','tincidunt.congue.turpis@pede.co.uk','Cleo','Horton','3975 54751','Tamil\r'),(102,'January','Others','170205569219','neque.non@ligulaeuenim.edu','Amal','Noel','1992 05474','Kannada\r'),(103,'June','Female','364621126145','lobortis@vitae.net','Elmo','Frost','9139 66884','Kannada\r'),(104,'October','Female','237668206299','dictum.eu@arcu.org','Willa','Donaldson','4996 17517','Hindi\r'),(105,'June','Female','709022921483','Aliquam@Duiscursusdiam.co.uk','Troy','Ratliff','9858 28838','Bengali\r'),(106,'April','Female','067865193548','Sed@ipsumcursus.co.uk','Bruno','Acosta','3660 46348','Bengali\r'),(107,'July','Others','511018833189','placerat.velit.Quisque@tellusimperdietnon.ca','Basia','Mcgee','2009 18624','Tamil\r'),(108,'March','Female','402074421061','id.magna.et@eu.org','Baker','Reeves','7385 93491','Punjabi\r'),(109,'January','Others','989363697756','tristique@etmagnisdis.com','Lance','Ruiz','3256 73591','Kannada\r'),(110,'September','Male','459588745365','at.sem.molestie@sodaleselit.org','Urielle','Vang','6024 52950','Bengali\r'),(111,'August','Female','648521115725','Duis@nisi.com','Halla','Drake','4462 36044','Tamil\r'),(112,'June','Female','051032798986','faucibus.id@laoreet.co.uk','Finn','Allison','3430 22833','Hindi\r'),(113,'August','Male','191531082302','non.egestas.a@ametdapibus.net','Kylynn','Middleton','4957 72774','Tamil\r'),(114,'October','Male','633338901400','Class.aptent@interdumligula.edu','Odette','Ortega','7047 46637','Hindi\r'),(115,'August','Female','579438055331','mauris.ipsum@lacusNulla.co.uk','Freya','Hays','2678 20162','Marathi\r'),(116,'November','Male','845195866467','tincidunt.aliquam.arcu@Nunccommodoauctor.co.uk','Iliana','Berry','9117 04402','Tamil\r'),(117,'January','Male','744960355210','eros@anteMaecenasmi.edu','Zoe','Fleming','7835 86362','Hindi\r'),(118,'January','Others','546721520479','Aliquam.erat.volutpat@Nulla.net','Diana','Lindsey','5779 78094','Tamil\r'),(119,'March','Male','056116783117','dictum.sapien@sitamet.edu','Seth','Noel','1455 25710','Marathi\r'),(120,'May','Female','152707926568','nec.leo.Morbi@acfacilisisfacilisis.net','Finn','Knowles','4826 09656','Maghi\r'),(121,'October','Male','919898289313','Curabitur.ut@anteVivamusnon.net','Rama','Combs','2443 33980','Punjabi\r'),(122,'October','Others','231889603083','vel.arcu.eu@dapibusgravida.edu','Casey','Eaton','9426 72206','Maghi\r'),(123,'November','Male','702646441264','tristique.senectus.et@metus.net','Myra','Witt','1637 90904','Tamil\r'),(124,'April','Female','446269338589','fringilla.cursus.purus@justoPraesentluctus.edu','Baxter','Schneider','3370 92385','Malayalam\r'),(125,'August','Others','862515186464','sit@magna.edu','Molly','Mcneil','2044 30520','Maghi\r'),(126,'April','Others','447565163695','Sed@condimentumegetvolutpat.co.uk','Fiona','Rowland','6929 55658','Kannada\r'),(127,'May','Female','313806426735','tempus.mauris@magna.com','Hanna','Reese','1596 62997','Maghi\r'),(128,'November','Others','044842415573','non.sapien.molestie@InfaucibusMorbi.org','Bethany','Roberson','3642 86521','Hindi\r'),(129,'August','Male','420778109531','sed.hendrerit.a@ridiculusmus.com','Madison','Garrison','8244 93983','Kannada\r'),(130,'October','Others','457830414149','sed.turpis@velitjusto.co.uk','Quincy','Blair','4124 15923','Malayalam\r'),(131,'April','Male','651892242913','ut@Vivamus.com','Adara','Buck','5006 02404','Maghi\r'),(132,'September','Female','947970265989','arcu.Morbi.sit@nequeMorbi.co.uk','Donovan','Durham','5436 64248','Maghi\r'),(133,'January','Male','101632126860','nec.tellus.Nunc@Maecenas.net','Unity','Warner','9197 13455','Kannada\r'),(134,'September','Male','537384414992','magna.a@laoreetipsum.edu','Wallace','Craft','5843 88899','Hindi\r'),(135,'August','Female','730771165865','hendrerit@Nuncquis.co.uk','Justina','Lopez','9280 99582','Bhojpuri\r'),(136,'March','Male','389906208826','ac@elitpharetra.ca','Cole','Goodman','3678 91751','Bengali\r'),(137,'May','Male','182954910287','ipsum@egestashendrerit.org','Ila','Roy','0739 36763','Maghi\r'),(138,'July','Female','207606510478','fermentum@semper.ca','Cally','Good','4264 38621','English\r'),(139,'May','Male','745747038096','porttitor.vulputate@nuncsed.ca','Yoshi','Alford','9876 49238','Maghi\r'),(140,'September','Others','814395234581','lectus.Nullam@imperdiet.edu','Lael','Gamble','9761 13116','Marathi\r'),(141,'June','Male','310657593832','vel@sodales.ca','Simon','Potter','3451 34520','Kannada\r'),(142,'October','Male','267928142401','dictum.eu@enim.net','Jonah','Dejesus','5706 72137','Marathi\r'),(143,'December','Female','157847864576','lacinia.mattis@Mauriseu.co.uk','Lydia','Giles','6721 07049','Marathi\r'),(144,'January','Others','094222148487','hendrerit.neque.In@Quisquepurussapien.net','Zachery','Gillespie','6066 92357','Malayalam\r'),(145,'June','Male','922246229527','non@accumsanconvallisante.co.uk','Brett','Osborn','2726 38988','Kannada\r'),(146,'September','Female','394685464748','cursus@a.org','Quinlan','Chen','5860 69983','Bhojpuri\r'),(147,'May','Male','995166541327','sociosqu.ad@tellusPhasellus.edu','Xyla','Romero','5403 31991','Maghi\r'),(148,'July','Male','675086433373','dapibus.id@quisaccumsan.net','Jasper','Mays','2208 15599','Maghi\r'),(149,'September','Female','848972697559','nulla.In.tincidunt@Nam.com','Rosalyn','English','9766 77854','Maghi\r'),(150,'March','Others','887058759008','pellentesque.massa.lobortis@egestasAliquam.org','Kennan','Fletcher','7527 13527','Malayalam\r'),(151,'September','Others','957310052625','Lorem.ipsum@elitfermentum.org','Axel','Washington','0026 38097','English\r'),(152,'January','Male','773934424829','erat.vitae.risus@tortorNunccommodo.org','Dahlia','Cross','6253 33968','Tamil\r'),(153,'July','Others','808311692199','mi@sem.edu','Emily','Fletcher','3454 57422','Punjabi\r'),(154,'January','Male','905043340514','tortor.Nunc.commodo@duiSuspendisse.co.uk','Elliott','Koch','4182 46468','Malayalam\r'),(155,'October','Male','535779543240','eros@orci.co.uk','Myra','Shields','5282 40321','Marathi\r'),(156,'August','Male','256351446605','magna.Suspendisse.tristique@nonarcu.co.uk','Roth','Green','6228 42489','Bhojpuri\r'),(157,'March','Others','139631659449','Quisque.libero@est.net','Fulton','Combs','8934 53408','Kannada\r'),(158,'February','Others','590968997119','ornare.placerat@ullamcorper.com','Libby','Jackson','3144 23892','Bhojpuri\r'),(159,'October','Female','468257855829','elit.fermentum@Aliquam.edu','Amir','Francis','0468 47111','English\r'),(160,'January','Female','016891959894','rutrum.Fusce.dolor@auguescelerisque.edu','Reuben','Pace','0726 51064','Marathi\r'),(161,'April','Others','367199199220','tellus.lorem@nunc.co.uk','Tanek','Tyson','4444 41486','Maghi\r'),(162,'July','Others','302080130323','molestie.orci.tincidunt@erosnon.com','Catherine','Marquez','3983 15913','Maghi\r'),(163,'October','Female','062041215886','ullamcorper@magnaPhasellus.ca','Ryan','Foster','4892 55441','Tamil\r'),(164,'July','Others','370055631099','Proin.mi@adipiscingfringillaporttitor.ca','Xaviera','Thornton','6469 27327','Punjabi\r'),(165,'October','Others','226093401314','dis.parturient.montes@Infaucibus.co.uk','Armando','Lawson','0576 12287','Bhojpuri\r'),(166,'November','Male','766556145854','Donec@adipiscingfringilla.org','Ima','Sharpe','5426 47043','Bhojpuri\r'),(167,'September','Female','531526274285','natoque@sagittisDuisgravida.ca','Lars','Davis','4502 09441','Hindi\r'),(168,'February','Male','152866383355','Fusce.feugiat.Lorem@aliquetProinvelit.com','Leo','Flynn','5023 48339','Kannada\r'),(169,'April','Male','807519851127','neque@VivamusrhoncusDonec.edu','Ira','Tillman','0591 27020','Kannada\r'),(170,'March','Male','001865860897','Ut.tincidunt@velitjusto.org','Caleb','Glover','8006 29696','Bhojpuri\r'),(171,'July','Male','213910070199','consectetuer.cursus.et@eleifend.com','Brynne','Guy','2895 42134','Bhojpuri\r'),(172,'March','Female','155295319523','ultricies.dignissim.lacus@sem.org','Sydnee','Poole','2713 25187','Tamil\r'),(173,'October','Male','854435218984','bibendum@iaculis.edu','Yoshi','Crosby','9625 44121','Hindi\r'),(174,'September','Others','437499550702','velit.dui@nec.ca','Kasper','Castaneda','3055 37775','Bhojpuri\r'),(175,'February','Female','858391230395','magna.Sed@Sed.com','Hanae','Humphrey','0483 80038','Hindi\r'),(176,'February','Female','392810336556','felis@euismodenimEtiam.ca','Gage','Goodwin','1584 59138','English\r'),(177,'August','Others','279375419929','dui.quis@non.ca','Shafira','Morrow','9548 97208','Bengali\r'),(178,'May','Female','320364085873','aliquam.iaculis.lacus@rutrumeuultrices.org','Florence','Flynn','7484 79772','Punjabi\r'),(179,'August','Others','049277751189','eros@eratEtiamvestibulum.net','Madeline','Collins','1263 59541','Bhojpuri\r'),(180,'October','Male','860393066941','cursus.Integer.mollis@pretiumetrutrum.edu','Jasmine','Jackson','4016 86046','English\r'),(181,'November','Others','931442792777','Nunc.pulvinar@nequeMorbiquis.co.uk','Thor','Higgins','1243 21153','English\r'),(182,'June','Others','974256187329','imperdiet@pede.ca','Guy','Luna','8249 45824','Hindi\r'),(183,'October','Male','098153314882','aliquet@Sedet.edu','Driscoll','Strickland','3465 63603','Maghi\r'),(184,'March','Others','209909789192','dapibus.quam.quis@ultricesmaurisipsum.org','Britanni','Bishop','1831 19621','Punjabi\r'),(185,'June','Female','106577635968','nibh.Aliquam.ornare@lobortistellus.net','Lyle','Carson','5077 94011','Punjabi\r'),(186,'May','Female','964507687131','interdum@In.com','Ignatius','Farmer','9633 52231','Hindi\r'),(187,'September','Female','703918454554','leo@amagna.com','Gannon','Livingston','7930 75329','Kannada\r'),(188,'May','Male','076371353632','facilisis.eget.ipsum@etarcuimperdiet.co.uk','Xaviera','Byers','5593 70373','Punjabi\r'),(189,'February','Female','802174300753','pede.nonummy.ut@sapien.ca','Eric','Pruitt','8563 96870','Kannada\r'),(190,'March','Female','603513796024','sit.amet.ante@Vivamusnibhdolor.co.uk','Ginger','Keller','5319 74757','Hindi\r'),(191,'September','Male','836610433835','Donec@Phasellusliberomauris.net','Emerson','Dudley','7101 97131','Hindi\r'),(192,'October','Female','810358085301','quis.massa.Mauris@sit.com','Chaney','Horne','5917 95445','Bhojpuri\r'),(193,'June','Female','407083454246','dolor.elit@massaMaurisvestibulum.com','Sasha','Espinoza','4025 92169','Marathi\r'),(194,'December','Female','490512210225','tellus@tempor.ca','Vaughan','Crane','3153 37967','Tamil\r'),(195,'March','Female','660657045395','consequat@feugiat.org','Mason','Alvarado','4106 60746','Bengali\r'),(196,'April','Others','340376628462','et.magnis.dis@Inat.net','Scarlet','Combs','4954 66295','Bengali\r'),(197,'September','Male','800602930913','auctor.velit@urna.ca','Caesar','Saunders','3104 05982','Maghi\r'),(198,'April','Female','385523683566','ligula@fermentumarcuVestibulum.ca','Nora','Blanchard','7578 49824','Kannada\r'),(199,'February','Male','069327564830','Integer.vulputate@lobortisaugue.ca','Baxter','Kim','1965 31644','Bhojpuri\r'),(200,'December','Male','157938936540','libero.mauris.aliquam@Nulla.edu','Quyn','Banks','8519 70513','Bhojpuri\r'),(201,'August','Female','076401467062','Curabitur@quam.org','Madeson','Wagner','5779 85151','Kannada\r'),(202,'April','Male','330548044418','nisl.Nulla.eu@odioNam.net','Hamish','Savage','5345 84867','Kannada\r'),(203,'March','Others','076186684450','Mauris@pedePraesent.org','Lucy','Key','4588 76840','Marathi\r'),(204,'June','Male','090589652166','sociis.natoque@urnaNuncquis.co.uk','Lyle','Holt','6080 41617','Hindi\r'),(205,'March','Others','785888292905','tristique@Crasconvallis.com','Lani','Gilbert','6842 64675','Bhojpuri\r'),(206,'August','Male','231155230777','Duis.at.lacus@Suspendissealiquetmolestie.net','Quentin','Fox','7021 62661','Punjabi\r'),(207,'May','Male','674752759034','diam@disparturient.org','Dara','Decker','7983 42530','Tamil\r'),(208,'April','Others','351623961938','ipsum.primis.in@convallis.ca','Rose','Jarvis','7171 40264','Tamil\r'),(209,'December','Female','955517144472','erat@Vivamusnonlorem.net','Dawn','Lancaster','8343 93543','Hindi\r'),(210,'November','Male','257072191480','quis@Cumsociisnatoque.com','Leilani','Cleveland','0750 27042','English\r'),(211,'October','Male','182800131692','tristique@loremsitamet.org','Orson','Kaufman','2973 33731','Maghi\r'),(212,'March','Male','541396813817','nisi@nequetellus.edu','Gage','Hopper','0175 66864','Bhojpuri\r'),(213,'August','Others','368145445192','lacus@urna.net','Caryn','Carr','9326 80838','Maghi\r'),(214,'June','Others','930762009279','tellus@felisorci.com','Cullen','Parks','7607 94027','Bhojpuri\r'),(215,'March','Others','525017448073','luctus.sit@vitaealiquam.ca','Cathleen','Oneill','0150 78078','Maghi\r'),(216,'May','Male','529352080732','Etiam@etmagnis.org','Chloe','Sloan','5421 99116','Tamil\r'),(217,'August','Male','066750368439','enim.diam@lacusAliquamrutrum.edu','Barrett','Obrien','3832 74456','Hindi\r'),(218,'January','Male','178340589744','risus.quis.diam@quam.org','Kamal','Mccormick','0818 16900','Maghi\r'),(219,'December','Male','658666309847','magna@nasceturridiculus.com','Madison','Lindsey','4409 46048','Punjabi\r'),(220,'January','Others','439082838973','neque.venenatis@luctussitamet.ca','Uta','Wade','4140 29973','Malayalam\r'),(221,'March','Male','473922351883','vulputate.velit@eusemPellentesque.net','Kelly','Boyle','2994 77735','Maghi\r'),(222,'July','Others','736136589689','lobortis.nisi.nibh@laciniaat.net','Paul','Blair','8683 09737','Bengali\r'),(223,'February','Male','835303686674','massa.Quisque.porttitor@vitaealiquameros.edu','Kathleen','Cote','3214 89289','Marathi\r'),(224,'March','Others','480275736126','tincidunt@dolor.com','Brendan','Terry','3878 37760','Hindi\r'),(225,'December','Others','972673233742','id.sapien.Cras@suscipitestac.com','Julian','David','7890 12651','Punjabi\r'),(226,'September','Female','077520757665','ac.risus@augueeu.ca','Rahim','Gutierrez','0011 84082','English\r'),(227,'April','Male','176918342318','sit.amet.dapibus@gravidasitamet.ca','Leonard','Holcomb','3121 94293','Tamil\r'),(228,'June','Female','668998591219','sodales.purus.in@pede.com','Wayne','Wyatt','5597 33988','Punjabi\r'),(229,'March','Male','864322444364','magnis.dis.parturient@natoquepenatibus.ca','Amethyst','Bauer','7904 23738','Tamil\r'),(230,'June','Male','720839362468','luctus.ipsum.leo@vestibulummassa.net','Rafael','Callahan','1489 43028','Punjabi\r'),(231,'December','Others','934895729945','purus.Duis.elementum@quamquisdiam.com','Palmer','Houston','7199 75285','English\r'),(232,'May','Others','048494474689','Donec.sollicitudin.adipiscing@montesnascetur.net','Lawrence','Leach','8069 77308','English\r'),(233,'February','Female','841984114147','in.faucibus@cursusvestibulumMauris.edu','Beatrice','Nieves','5890 24892','Hindi\r'),(234,'September','Others','148205733009','odio.Etiam@loremut.co.uk','Isabelle','Schwartz','1590 84435','Malayalam\r'),(235,'February','Others','057059395641','amet.risus.Donec@amet.edu','Macey','Wall','1040 14202','Tamil\r'),(236,'April','Others','277606727154','orci.lacus@ridiculusmus.co.uk','Joel','Buckner','8230 77212','English\r'),(237,'November','Female','361778223430','Quisque.ornare@ipsumacmi.com','Germane','Dalton','9947 51047','Kannada\r'),(238,'August','Others','818269259819','sed.tortor@sollicitudinadipiscingligula.org','Lesley','Atkinson','3523 10474','Marathi\r'),(239,'July','Male','823825722247','risus@molestie.com','Timothy','Fields','6791 79736','Tamil\r'),(240,'November','Male','170189231811','Vivamus.nibh@enimnon.edu','Shoshana','Scott','2882 19988','Maghi\r'),(241,'January','Female','911256592852','at.velit.Cras@metusfacilisislorem.edu','Ocean','Hurst','7127 06652','Punjabi\r'),(242,'February','Female','066388560689','vitae@elitpede.org','Amy','Massey','9003 34819','Punjabi\r'),(243,'August','Others','330649828465','Donec@euismodac.com','Zenaida','Oneal','3350 06554','Hindi\r'),(244,'April','Male','024654557068','consectetuer.adipiscing.elit@risusDonecegestas.com','Jemima','Baker','0153 79053','Hindi\r'),(245,'June','Male','448239272273','lacinia@justoPraesent.org','Ezekiel','Dotson','6110 32979','Bhojpuri\r'),(246,'August','Male','101426436368','nisi.Cum.sociis@diameudolor.com','Patricia','Short','2779 06879','Malayalam\r'),(247,'August','Female','278898522665','scelerisque.mollis@tellusjustosit.com','Blaze','Stokes','3090 59527','Hindi\r'),(248,'June','Others','121197893449','placerat@liberoDonec.co.uk','Aristotle','Britt','5869 14199','Maghi\r'),(249,'June','Female','294003524249','mi@ametorci.co.uk','Leilani','Fischer','7461 02432','Maghi\r'),(250,'November','Male','854795236459','ghy@trefDsta.com','Amy','Jackson','\n\n7801 36957','English');
/*!40000 ALTER TABLE `user` ENABLE KEYS */;
UNLOCK TABLES;

--
-- Table structure for table `user_plan_mapping`
--

DROP TABLE IF EXISTS `user_plan_mapping`;
/*!40101 SET @saved_cs_client     = @@character_set_client */;
/*!40101 SET character_set_client = utf8 */;
CREATE TABLE `user_plan_mapping` (
  `user_user_id` bigint(20) NOT NULL,
  `pd_plan_id` bigint(20) NOT NULL,
  KEY `FKeolcqgvim6l8su8le21uu2f78` (`pd_plan_id`),
  KEY `FKqd17q9gsrhug3nruua890k7i1` (`user_user_id`)
) ENGINE=MyISAM DEFAULT CHARSET=utf8;
/*!40101 SET character_set_client = @saved_cs_client */;

--
-- Dumping data for table `user_plan_mapping`
--

LOCK TABLES `user_plan_mapping` WRITE;
/*!40000 ALTER TABLE `user_plan_mapping` DISABLE KEYS */;
INSERT INTO `user_plan_mapping` VALUES (121,20006),(92,20010),(240,20015),(6,20016),(38,20018),(4,20008),(25,20006),(177,20007),(109,20004),(211,20019),(110,20016),(187,20011),(165,20020),(170,20008),(68,20014),(140,20012),(171,20006),(150,20008),(108,20013),(20,20005),(5,20003),(54,20005),(247,20007),(198,20008),(240,20011),(130,20008),(65,20004),(212,20015),(46,20001),(28,20005),(214,20016),(226,20016),(222,20003),(43,20015),(189,20006),(198,20014),(38,20008),(154,20014),(101,20013),(172,20001),(23,20012),(179,20009),(141,20012),(113,20011),(53,20004),(135,20010),(127,20009),(134,20011),(80,20018),(146,20019),(74,20011),(169,20019),(127,20010),(78,20013),(25,20004),(144,20010),(128,20020),(94,20009),(10,20007),(17,20003),(102,20006),(220,20020),(32,20003),(29,20007),(151,20008),(49,20011),(195,20020),(199,20014),(125,20019),(154,20006),(90,20017),(100,20001),(35,20003),(60,20009),(45,20018),(183,20008),(146,20014),(5,20014),(52,20016),(215,20020),(15,20006),(72,20006),(98,20012),(228,20004),(37,20014),(71,20018),(143,20018),(6,20016),(177,20012),(199,20001),(233,20011),(77,20012),(242,20007),(240,20018),(168,20011),(224,20003),(106,20019),(209,20009),(212,20019),(196,20013),(33,20002),(39,20010),(52,20003),(22,20020),(126,20017),(58,20015),(151,20017),(73,20018),(64,20001),(79,20004),(79,20012),(73,20007),(55,20020),(175,20005),(175,20008),(240,20012),(50,20012),(97,20017),(200,20016),(147,20017),(209,20003),(214,20011),(206,20013),(97,20004),(156,20010),(15,20002),(57,20004),(212,20012),(233,20008),(190,20006),(82,20015),(234,20020),(244,20005),(39,20007),(169,20015),(220,20004),(22,20019),(55,20002),(52,20009),(221,20007),(184,20017),(119,20002),(54,20016),(117,20015),(14,20020),(202,20010),(151,20014),(153,20010),(52,20016),(111,20001),(199,20018),(185,20016),(4,20001),(103,20020),(204,20003),(184,20006),(217,20003),(47,20008),(86,20018),(245,20004),(190,20016),(151,20017),(187,20011),(45,20014),(203,20008),(109,20012),(74,20020),(131,20013),(229,20005),(132,20009),(117,20004),(168,20010),(181,20014),(197,20009),(134,20018),(63,20001),(51,20015),(14,20003),(142,20002),(86,20010),(246,20008),(218,20015),(85,20018),(248,20008),(91,20008),(70,20002),(140,20013),(125,20005),(83,20013),(4,20001),(118,20011),(76,20018),(142,20019),(180,20008),(5,20002),(1,20001),(151,20001),(177,20003),(194,20008),(204,20009),(13,20003),(172,20009),(205,20014),(81,20017),(159,20008),(233,20001),(79,20013),(171,20015),(31,20014),(60,20019),(195,20017),(80,20007),(89,20006),(85,20013),(71,20010),(225,20012),(119,20009),(141,20011),(212,20020),(2,20011),(114,20007),(82,20013),(190,20003),(214,20003),(247,20005),(206,20011),(123,20015),(108,20009),(73,20010),(225,20014),(47,20010),(6,20007),(83,20013),(132,20010),(58,20016),(249,20008),(30,20002),(90,20018),(135,20017),(11,20006),(52,20010),(229,20007),(224,20018),(128,20016),(29,20002),(100,20018),(81,20007),(136,20010),(16,20005),(80,20001),(116,20002),(150,20001),(10,20014),(118,20012),(36,20005),(186,20010),(68,20001),(73,20004),(186,20014),(164,20001),(96,20014),(200,20004),(143,20003),(210,20011),(133,20009),(16,20009),(169,20011),(67,20003),(138,20020),(238,20007),(81,20005),(243,20005),(53,20017),(109,20004),(148,20007),(95,20012),(223,20020),(55,20002),(14,20008),(29,20001),(225,20019),(32,20015),(189,20009),(6,20015),(136,20016),(5,20009),(122,20001),(50,20007),(144,20017),(37,20006),(168,20011),(61,20010),(180,20017),(236,20017),(120,20006),(105,20003),(105,20004),(52,20018),(35,20011),(212,20011),(148,20016),(248,20019),(14,20014),(95,20011),(195,20013),(133,20006),(182,20001),(184,20019),(104,20009),(226,20001),(167,20003),(33,20006),(244,20010),(126,20015),(1,20013),(13,20007),(133,20012),(21,20015),(82,20011),(124,20003),(113,20014),(98,20007),(161,20015),(203,20017),(15,20014),(159,20006),(215,20004),(112,20013),(36,20016),(133,20009),(70,20004),(236,20018),(183,20009),(25,20020),(53,20012),(45,20006),(236,20005),(31,20016),(53,20013),(76,20015),(161,20002),(222,20020),(150,20015),(108,20010),(112,20016),(232,20019),(223,20009),(223,20001),(3,20016),(77,20003),(114,20007),(45,20020),(131,20017),(142,20004),(207,20012),(240,20011),(201,20003),(130,20013),(52,20008),(29,20002),(79,20014),(118,20008),(59,20002),(57,20014),(5,20015),(99,20011),(238,20014),(205,20017),(233,20003),(95,20016),(22,20002),(163,20006),(206,20019),(11,20005),(170,20008),(183,20015),(166,20007),(80,20019),(177,20017),(160,20003),(60,20005),(185,20012),(235,20002),(62,20020),(216,20002),(7,20018),(181,20003),(203,20016),(25,20014),(235,20016),(182,20018),(195,20013),(31,20013),(77,20014),(54,20017),(174,20009),(237,20020),(4,20006),(232,20013),(20,20012),(214,20010),(40,20010),(177,20006),(227,20014),(3,20006),(140,20007),(116,20020),(191,20012),(201,20006),(214,20003),(154,20017),(170,20009),(44,20017),(163,20020),(37,20002),(132,20006),(234,20008),(103,20016),(25,20007),(131,20007),(20,20012),(113,20003),(193,20016),(168,20014),(16,20006),(4,20009),(170,20006),(78,20006),(102,20001),(139,20001),(106,20012),(237,20018),(195,20003),(111,20005),(118,20017),(250,20009),(161,20015),(88,20009),(44,20020),(79,20016),(103,20012),(108,20020),(169,20007),(194,20012),(110,20003),(108,20014),(205,20015),(84,20002),(118,20012),(98,20003),(192,20013),(150,20012),(198,20005),(100,20015),(114,20020),(83,20001),(155,20016),(6,20012),(179,20018),(235,20012),(72,20013),(202,20015),(92,20015),(130,20020),(120,20010),(214,20012),(149,20012),(6,20016),(23,20002),(245,20006),(223,20011),(86,20018),(191,20003),(220,20018),(29,20016),(73,20001),(162,20013),(100,20014),(231,20016),(91,20014),(27,20006),(186,20009),(182,20012),(64,20017),(142,20003),(14,20003),(102,20011),(103,20001),(199,20002),(170,20012),(42,20019),(194,20007),(41,20015),(247,20001),(203,20018),(61,20005),(79,20007),(174,20016),(5,20007),(181,20006),(112,20001),(146,20007),(190,20014),(246,20008),(215,20014),(179,20003),(81,20004),(212,20016),(87,20012),(86,20014),(20,20002),(196,20004),(151,20005),(215,20016),(212,20009),(105,20017),(230,20003),(71,20006),(188,20020),(164,20003),(75,20008),(97,20012),(240,20012),(42,20008),(154,20015),(145,20008),(31,20017),(58,20019),(102,20006),(218,20005),(105,20004),(33,20004),(226,20020),(150,20011),(40,20011),(97,20016),(61,20004),(185,20006),(190,20006),(199,20009),(176,20005),(176,20017),(7,20002),(144,20016),(217,20001),(6,20009),(172,20005),(34,20019),(156,20013),(17,20019),(238,20009),(7,20005),(14,20018),(163,20004),(32,20001),(209,20009),(16,20014),(216,20019),(4,20016),(152,20008),(121,20018),(94,20003),(65,20015),(213,20020),(240,20013),(40,20007),(211,20013),(121,20020),(246,20016),(120,20002),(248,20003),(245,20011),(81,20002),(183,20016),(44,20008),(199,20014),(194,20010),(208,20007),(170,20015),(170,20016),(29,20007),(62,20020),(163,20009),(18,20011),(156,20007),(142,20016),(79,20006),(13,20007),(159,20020),(119,20015),(75,20007),(119,20017),(190,20019),(190,20017),(48,20013),(73,20011),(114,20011),(30,20011),(86,20012),(235,20005),(156,20007),(17,20002),(141,20014),(235,20004),(206,20016),(119,20012),(85,20019),(171,20020),(226,20006),(64,20012),(172,20004),(116,20010),(236,20008),(177,20011),(35,20020),(135,20003),(173,20003),(207,20008),(147,20010),(224,20002),(181,20011),(195,20003),(16,20004),(181,20014),(199,20016),(84,20017),(231,20017),(241,20011),(20,20013),(78,20020),(147,20004),(9,20009),(1,20016),(5,20009),(230,20002),(250,20011),(107,20012),(189,20017),(17,20011),(226,20003),(127,20006),(24,20013),(250,20010),(175,20019),(168,20008),(182,20005),(99,20015),(140,20018),(207,20004),(122,20012),(146,20016),(233,20013),(171,20019),(124,20006),(38,20006),(137,20004),(96,20017),(33,20008),(220,20017),(181,20015),(167,20014),(146,20019),(143,20019),(208,20007),(224,20003),(226,20007),(110,20005),(28,20020),(105,20009),(104,20015),(122,20015),(110,20009),(70,20014),(243,20005),(170,20019),(202,20001),(103,20005),(124,20009),(77,20020),(188,20003),(69,20005),(133,20002),(51,20003),(198,20008),(119,20002),(8,20015),(9,20002),(11,20001),(216,20007),(182,20016),(113,20008),(153,20014),(20,20007),(31,20006),(8,20008),(112,20006),(183,20018),(62,20017),(198,20018),(29,20012),(87,20002),(8,20013),(107,20014),(233,20003),(53,20006),(241,20007),(183,20010),(237,20016),(107,20011),(212,20015),(75,20001),(162,20005),(193,20016),(182,20001),(61,20002),(160,20009),(45,20002),(208,20008),(197,20006),(24,20011),(169,20009),(215,20015),(231,20006),(110,20016),(148,20011),(92,20013),(97,20009),(8,20018),(98,20009),(108,20011),(132,20007),(178,20011),(12,20010),(69,20018),(136,20009),(57,20006),(127,20018),(175,20012),(95,20012),(58,20015),(160,20004),(55,20020),(181,20016),(111,20002),(231,20018),(81,20011),(183,20012),(179,20004),(74,20008),(85,20011),(119,20008),(184,20004),(179,20009),(187,20003),(231,20013),(56,20004),(108,20002),(9,20001),(208,20001),(220,20012),(167,20004),(78,20010),(120,20009),(65,20015),(103,20012),(27,20015),(20,20007),(168,20015),(67,20012),(138,20005),(45,20011),(176,20018),(227,20019),(133,20019),(8,20003),(22,20001),(84,20002),(99,20019),(110,20011),(147,20004),(48,20018),(169,20020),(250,20003),(190,20019),(208,20018),(152,20019),(73,20018),(136,20002),(43,20018),(166,20002),(50,20016),(50,20014),(250,20002),(76,20009),(159,20012),(188,20005),(98,20007),(249,20018),(162,20002),(112,20010);
/*!40000 ALTER TABLE `user_plan_mapping` ENABLE KEYS */;
UNLOCK TABLES;

--
-- Table structure for table `user_tc_mapping`
--

DROP TABLE IF EXISTS `user_tc_mapping`;
/*!40101 SET @saved_cs_client     = @@character_set_client */;
/*!40101 SET character_set_client = utf8 */;
CREATE TABLE `user_tc_mapping` (
  `user_user_id` bigint(20) NOT NULL,
  `tc_tc_id` bigint(20) NOT NULL,
  KEY `FK2dna9ufeyp4lay7agdm0h3qnr` (`tc_tc_id`),
  KEY `FKt608d8ha4383kgaerdvoar4t1` (`user_user_id`)
) ENGINE=MyISAM DEFAULT CHARSET=utf8;
/*!40101 SET character_set_client = @saved_cs_client */;

--
-- Dumping data for table `user_tc_mapping`
--

LOCK TABLES `user_tc_mapping` WRITE;
/*!40000 ALTER TABLE `user_tc_mapping` DISABLE KEYS */;
INSERT INTO `user_tc_mapping` VALUES (1,30039),(2,30016),(3,30033),(4,30040),(5,30035),(6,30009),(7,30043),(8,30020),(9,30018),(10,30024),(11,30005),(12,30010),(13,30032),(14,30014),(15,30041),(16,30043),(17,30001),(18,30005),(19,30036),(20,30013),(21,30040),(22,30035),(23,30019),(24,30001),(25,30030),(26,30029),(27,30014),(28,30018),(29,30037),(30,30004),(31,30039),(32,30010),(33,30040),(34,30034),(35,30028),(36,30025),(37,30003),(38,30009),(39,30006),(40,30025),(41,30005),(42,30027),(43,30034),(44,30024),(45,30008),(46,30004),(47,30008),(48,30008),(49,30038),(50,30023),(51,30022),(52,30025),(53,30023),(54,30022),(55,30009),(56,30041),(57,30005),(58,30019),(59,30027),(60,30028),(61,30002),(62,30030),(63,30041),(64,30015),(65,30010),(66,30010),(67,30026),(68,30043),(69,30006),(70,30017),(71,30030),(72,30007),(73,30040),(74,30017),(75,30033),(76,30005),(77,30033),(78,30014),(79,30011),(80,30031),(81,30018),(82,30031),(83,30005),(84,30043),(85,30009),(86,30024),(87,30041),(88,30029),(89,30001),(90,30033),(91,30042),(92,30003),(93,30030),(94,30034),(95,30042),(96,30033),(97,30037),(98,30017),(99,30026),(100,30029),(101,30028),(102,30040),(103,30034),(104,30012),(105,30003),(106,30032),(107,30035),(108,30040),(109,30043),(110,30015),(111,30012),(112,30022),(113,30005),(114,30019),(115,30002),(116,30016),(117,30025),(118,30016),(119,30032),(120,30011),(121,30040),(122,30042),(123,30039),(124,30007),(125,30028),(126,30020),(127,30020),(128,30024),(129,30040),(130,30039),(131,30020),(132,30010),(133,30003),(134,30010),(135,30033),(136,30035),(137,30022),(138,30031),(139,30007),(140,30003),(141,30025),(142,30030),(143,30031),(144,30012),(145,30017),(146,30002),(147,30042),(148,30002),(149,30040),(150,30032),(151,30022),(152,30039),(153,30024),(154,30010),(155,30024),(156,30019),(157,30021),(158,30008),(159,30016),(160,30004),(161,30028),(162,30023),(163,30038),(164,30034),(165,30012),(166,30041),(167,30027),(168,30042),(169,30025),(170,30040),(171,30017),(172,30001),(173,30039),(174,30011),(175,30017),(176,30018),(177,30034),(178,30031),(179,30012),(180,30027),(181,30014),(182,30021),(183,30015),(184,30010),(185,30037),(186,30016),(187,30042),(188,30035),(189,30022),(190,30011),(191,30023),(192,30023),(193,30033),(194,30010),(195,30038),(196,30030),(197,30012),(198,30037),(199,30040),(200,30036),(201,30029),(202,30001),(203,30018),(204,30010),(205,30020),(206,30019),(207,30038),(208,30023),(209,30034),(210,30019),(211,30013),(212,30029),(213,30002),(214,30008),(215,30036),(216,30033),(217,30031),(218,30026),(219,30026),(220,30035),(221,30034),(222,30025),(223,30028),(224,30022),(225,30033),(226,30028),(227,30002),(228,30020),(229,30029),(230,30034),(231,30040),(232,30043),(233,30016),(234,30031),(235,30024),(236,30033),(237,30014),(238,30025),(239,30011),(240,30036),(241,30032),(242,30002),(243,30002),(244,30043),(245,30002),(246,30011),(247,30029),(248,30037),(249,30029),(250,30014);
/*!40000 ALTER TABLE `user_tc_mapping` ENABLE KEYS */;
UNLOCK TABLES;
/*!40103 SET TIME_ZONE=@OLD_TIME_ZONE */;

/*!40101 SET SQL_MODE=@OLD_SQL_MODE */;
/*!40014 SET FOREIGN_KEY_CHECKS=@OLD_FOREIGN_KEY_CHECKS */;
/*!40014 SET UNIQUE_CHECKS=@OLD_UNIQUE_CHECKS */;
/*!40101 SET CHARACTER_SET_CLIENT=@OLD_CHARACTER_SET_CLIENT */;
/*!40101 SET CHARACTER_SET_RESULTS=@OLD_CHARACTER_SET_RESULTS */;
/*!40101 SET COLLATION_CONNECTION=@OLD_COLLATION_CONNECTION */;
/*!40111 SET SQL_NOTES=@OLD_SQL_NOTES */;

-- Dump completed on 2018-10-30 13:56:26
